[
  {
    "video_id": "1_clip_003",
    "frame": "1_clip_003_frame_0000.jpg",
    "track_id": 29,
    "bbox": [
      340.30377197265625,
      259.7215270996094,
      481.1492614746094,
      525.1080322265625
    ]
  },
  {
    "video_id": "1_clip_003",
    "frame": "1_clip_003_frame_0000.jpg",
    "track_id": 30,
    "bbox": [
      470.93572998046875,
      300.5694274902344,
      577.5064086914062,
      625.52490234375
    ]
  },
  {
    "video_id": "1_clip_003",
    "frame": "1_clip_003_frame_0000.jpg",
    "track_id": 31,
    "bbox": [
      906.2890014648438,
      147.90597534179688,
      983.5953369140625,
      413.8746643066406
    ]
  },
  {
    "video_id": "1_clip_003",
    "frame": "1_clip_003_frame_0000.jpg",
    "track_id": 32,
    "bbox": [
      1163.9124755859375,
      0.13952851295471191,
      1239.2806396484375,
      212.50601410865784
    ]
  },
  {
    "video_id": "1_clip_003",
    "frame": "1_clip_003_frame_0000.jpg",
    "track_id": 33,
    "bbox": [
      411.8497009277344,
      188.947509765625,
      514.2830810546875,
      374.1439208984375
    ]
  },
  {
    "video_id": "1_clip_003",
    "frame": "1_clip_003_frame_0000.jpg",
    "track_id": 34,
    "bbox": [
      1035.0272216796875,
      0.239027738571167,
      1090.7578125,
      159.62745547294617
    ]
  },
  {
    "video_id": "1_clip_003",
    "frame": "1_clip_003_frame_0001.jpg",
    "track_id": 29,
    "bbox": [
      342.0850496900856,
      293.4120563108004,
      473.0779309077947,
      525.1102020317005
    ]
  },
  {
    "video_id": "1_clip_003",
    "frame": "1_clip_003_frame_0001.jpg",
    "track_id": 30,
    "bbox": [
      466.96521576876694,
      277.0039634448252,
      576.9291110407362,
      600.418289714745
    ]
  },
  {
    "video_id": "1_clip_003",
    "frame": "1_clip_003_frame_0001.jpg",
    "track_id": 31,
    "bbox": [
      906.905809039473,
      147.72327339213814,
      984.4679709107185,
      414.45523947891627
    ]
  },
  {
    "video_id": "1_clip_003",
    "frame": "1_clip_003_frame_0001.jpg",
    "track_id": 32,
    "bbox": [
      1163.6455532052566,
      0.22253708569012076,
      1238.7417294055078,
      212.62095359251612
    ]
  },
  {
    "video_id": "1_clip_003",
    "frame": "1_clip_003_frame_0001.jpg",
    "track_id": 33,
    "bbox": [
      366.33992396505676,
      168.07200482615752,
      471.5270631627603,
      348.6463474763002
    ]
  },
  {
    "video_id": "1_clip_003",
    "frame": "1_clip_003_frame_0001.jpg",
    "track_id": 34,
    "bbox": [
      1035.2826625449893,
      0.22269917967597053,
      1089.375641164823,
      158.08026295774494
    ]
  },
  {
    "video_id": "1_clip_003",
    "frame": "1_clip_003_frame_0002.jpg",
    "track_id": 29,
    "bbox": [
      349.6084606588388,
      295.63971278171044,
      469.4210654066559,
      524.8337641743437
    ]
  },
  {
    "video_id": "1_clip_003",
    "frame": "1_clip_003_frame_0002.jpg",
    "track_id": 30,
    "bbox": [
      475.8982573709952,
      260.0397780044509,
      581.7003187678479,
      577.6160694451754
    ]
  },
  {
    "video_id": "1_clip_003",
    "frame": "1_clip_003_frame_0002.jpg",
    "track_id": 31,
    "bbox": [
      905.1295014487938,
      147.75056862359065,
      984.4213698578892,
      413.96016882884305
    ]
  },
  {
    "video_id": "1_clip_003",
    "frame": "1_clip_003_frame_0002.jpg",
    "track_id": 32,
    "bbox": [
      1163.032904934338,
      0.21090675665794834,
      1238.4231322570106,
      212.67243329183196
    ]
  },
  {
    "video_id": "1_clip_003",
    "frame": "1_clip_003_frame_0002.jpg",
    "track_id": 33,
    "bbox": [
      345.60968703329587,
      161.709247428303,
      459.4177443596517,
      343.9733168012854
    ]
  },
  {
    "video_id": "1_clip_003",
    "frame": "1_clip_003_frame_0002.jpg",
    "track_id": 34,
    "bbox": [
      1033.262619400271,
      0.1688848936178431,
      1088.8806576868221,
      157.74053123754507
    ]
  },
  {
    "video_id": "1_clip_003",
    "frame": "1_clip_003_frame_0003.jpg",
    "track_id": 29,
    "bbox": [
      349.8327199938135,
      297.5131424830274,
      473.5973811263509,
      526.9690781607848
    ]
  },
  {
    "video_id": "1_clip_003",
    "frame": "1_clip_003_frame_0003.jpg",
    "track_id": 30,
    "bbox": [
      465.83083519396143,
      261.71317041696705,
      568.3566305991277,
      572.8514052860853
    ]
  },
  {
    "video_id": "1_clip_003",
    "frame": "1_clip_003_frame_0003.jpg",
    "track_id": 31,
    "bbox": [
      905.1293011022032,
      147.60574907131405,
      984.9158788648772,
      414.0900571755191
    ]
  },
  {
    "video_id": "1_clip_003",
    "frame": "1_clip_003_frame_0003.jpg",
    "track_id": 32,
    "bbox": [
      1163.0199938620926,
      0.2548584181392499,
      1238.5072134743193,
      212.42219064488597
    ]
  },
  {
    "video_id": "1_clip_003",
    "frame": "1_clip_003_frame_0003.jpg",
    "track_id": 33,
    "bbox": [
      357.0678740790794,
      175.21491921603996,
      482.3641581258889,
      385.42479771993993
    ]
  },
  {
    "video_id": "1_clip_003",
    "frame": "1_clip_003_frame_0003.jpg",
    "track_id": 34,
    "bbox": [
      1031.7209952316125,
      0.18176215800087903,
      1087.771040993182,
      157.24893689755189
    ]
  },
  {
    "video_id": "1_clip_003",
    "frame": "1_clip_003_frame_0004.jpg",
    "track_id": 29,
    "bbox": [
      355.3729196099256,
      266.9687934523098,
      477.28721732702627,
      526.5059745005112
    ]
  },
  {
    "video_id": "1_clip_003",
    "frame": "1_clip_003_frame_0004.jpg",
    "track_id": 30,
    "bbox": [
      341.1357348107274,
      267.0845269587359,
      524.5445113476111,
      576.5151365808313
    ]
  },
  {
    "video_id": "1_clip_003",
    "frame": "1_clip_003_frame_0004.jpg",
    "track_id": 31,
    "bbox": [
      905.2246284428388,
      147.7327216870489,
      984.4668514386623,
      414.3772741404539
    ]
  },
  {
    "video_id": "1_clip_003",
    "frame": "1_clip_003_frame_0004.jpg",
    "track_id": 32,
    "bbox": [
      1162.8003113989935,
      0.09935630526405248,
      1239.0938967958557,
      213.12592413983032
    ]
  },
  {
    "video_id": "1_clip_003",
    "frame": "1_clip_003_frame_0004.jpg",
    "track_id": 33,
    "bbox": [
      392.4098946096999,
      167.59894291339538,
      477.9339468004664,
      302.9346407594759
    ]
  },
  {
    "video_id": "1_clip_003",
    "frame": "1_clip_003_frame_0004.jpg",
    "track_id": 34,
    "bbox": [
      1032.561612447953,
      0.3029344196578876,
      1085.3742513169157,
      157.0511196099531
    ]
  },
  {
    "video_id": "1_clip_003",
    "frame": "1_clip_003_frame_0005.jpg",
    "track_id": 30,
    "bbox": [
      327.0664890087087,
      271.6434686849069,
      549.3678644115945,
      577.2203844279096
    ]
  },
  {
    "video_id": "1_clip_003",
    "frame": "1_clip_003_frame_0005.jpg",
    "track_id": 31,
    "bbox": [
      904.5880863900641,
      147.64132960383407,
      983.821853330652,
      414.30420970296257
    ]
  },
  {
    "video_id": "1_clip_003",
    "frame": "1_clip_003_frame_0005.jpg",
    "track_id": 32,
    "bbox": [
      1162.7496193742754,
      0.0762274257116502,
      1238.6731623584335,
      213.02151078858117
    ]
  },
  {
    "video_id": "1_clip_003",
    "frame": "1_clip_003_frame_0005.jpg",
    "track_id": 34,
    "bbox": [
      1032.9912052066118,
      0.01875662112115606,
      1086.2542004786999,
      157.33138350299953
    ]
  },
  {
    "video_id": "1_clip_003",
    "frame": "1_clip_003_frame_0005.jpg",
    "track_id": 33,
    "bbox": [
      410.75013322185316,
      188.41139354662806,
      488.0235026577529,
      303.56693248589625
    ]
  },
  {
    "video_id": "1_clip_003",
    "frame": "1_clip_003_frame_0005.jpg",
    "track_id": 29,
    "bbox": [
      384.4093418990255,
      237.92384468522644,
      471.0018675080969,
      525.8896083153282
    ]
  },
  {
    "video_id": "1_clip_003",
    "frame": "1_clip_003_frame_0006.jpg",
    "track_id": 30,
    "bbox": [
      324.0797130800829,
      265.13394604037796,
      524.0648344963624,
      576.9679287262682
    ]
  },
  {
    "video_id": "1_clip_003",
    "frame": "1_clip_003_frame_0006.jpg",
    "track_id": 31,
    "bbox": [
      904.264505666381,
      147.72544622707565,
      984.1701883733031,
      414.17119123592954
    ]
  },
  {
    "video_id": "1_clip_003",
    "frame": "1_clip_003_frame_0006.jpg",
    "track_id": 32,
    "bbox": [
      1162.749010106167,
      0.16929247083631083,
      1238.2881383001309,
      212.54724204951253
    ]
  },
  {
    "video_id": "1_clip_003",
    "frame": "1_clip_003_frame_0006.jpg",
    "track_id": 34,
    "bbox": [
      1032.263674304363,
      0.04814936122197366,
      1090.3003873245364,
      157.02851693127633
    ]
  },
  {
    "video_id": "1_clip_003",
    "frame": "1_clip_003_frame_0007.jpg",
    "track_id": 30,
    "bbox": [
      340.6774315769757,
      262.72141237281005,
      535.6280883815698,
      575.1706001359116
    ]
  },
  {
    "video_id": "1_clip_003",
    "frame": "1_clip_003_frame_0007.jpg",
    "track_id": 31,
    "bbox": [
      905.2084740452,
      147.72775011502029,
      984.9956991978721,
      414.06374235702526
    ]
  },
  {
    "video_id": "1_clip_003",
    "frame": "1_clip_003_frame_0007.jpg",
    "track_id": 32,
    "bbox": [
      1162.4718537975737,
      0.3649073462881489,
      1238.2926431068477,
      212.54223853600706
    ]
  },
  {
    "video_id": "1_clip_003",
    "frame": "1_clip_003_frame_0007.jpg",
    "track_id": 34,
    "bbox": [
      1031.7398275755643,
      0.0383805746224084,
      1089.4798815749275,
      157.62629035775603
    ]
  },
  {
    "video_id": "1_clip_003",
    "frame": "1_clip_003_frame_0007.jpg",
    "track_id": 29,
    "bbox": [
      358.02226695009614,
      290.1242207602608,
      454.7853276418597,
      525.0946715956406
    ]
  },
  {
    "video_id": "1_clip_003",
    "frame": "1_clip_003_frame_0008.jpg",
    "track_id": 30,
    "bbox": [
      347.2671451539171,
      263.28128714973025,
      534.9756486626989,
      575.7516367017117
    ]
  },
  {
    "video_id": "1_clip_003",
    "frame": "1_clip_003_frame_0008.jpg",
    "track_id": 31,
    "bbox": [
      905.2168634210581,
      148.00517840733207,
      984.8714223886833,
      414.37895597456145
    ]
  },
  {
    "video_id": "1_clip_003",
    "frame": "1_clip_003_frame_0008.jpg",
    "track_id": 32,
    "bbox": [
      1162.8595358531045,
      0.27775232333259225,
      1238.3705153804785,
      213.1190694692864
    ]
  },
  {
    "video_id": "1_clip_003",
    "frame": "1_clip_003_frame_0008.jpg",
    "track_id": 34,
    "bbox": [
      1031.7658163705598,
      0.26840147982449025,
      1083.4422357383712,
      157.95501387679806
    ]
  },
  {
    "video_id": "1_clip_003",
    "frame": "1_clip_003_frame_0008.jpg",
    "track_id": 29,
    "bbox": [
      357.37432963026936,
      291.9446447723099,
      459.8092458667288,
      526.3317403573893
    ]
  },
  {
    "video_id": "1_clip_003",
    "frame": "1_clip_003_frame_0009.jpg",
    "track_id": 30,
    "bbox": [
      362.84052427450297,
      265.0580277820294,
      540.1228181644422,
      575.6910187628444
    ]
  },
  {
    "video_id": "1_clip_003",
    "frame": "1_clip_003_frame_0009.jpg",
    "track_id": 31,
    "bbox": [
      905.3377086485337,
      147.91207456772267,
      984.9287726549077,
      414.1072783383697
    ]
  },
  {
    "video_id": "1_clip_003",
    "frame": "1_clip_003_frame_0009.jpg",
    "track_id": 32,
    "bbox": [
      1162.4988199560098,
      0.3560359985625041,
      1238.8108965983977,
      213.03465032939422
    ]
  },
  {
    "video_id": "1_clip_003",
    "frame": "1_clip_003_frame_0009.jpg",
    "track_id": 34,
    "bbox": [
      1032.8322797268,
      0.20275497265151898,
      1083.2123469669452,
      157.99320778824588
    ]
  },
  {
    "video_id": "1_clip_003",
    "frame": "1_clip_003_frame_0009.jpg",
    "track_id": 29,
    "bbox": [
      360.87306517770094,
      291.4396242202913,
      463.74547797212927,
      526.961286343078
    ]
  },
  {
    "video_id": "1_clip_003",
    "frame": "1_clip_003_frame_0009.jpg",
    "track_id": 33,
    "bbox": [
      415.9684823466001,
      220.46211990867153,
      494.7897944310003,
      328.1588744010055
    ]
  },
  {
    "video_id": "1_clip_003",
    "frame": "1_clip_003_frame_0010.jpg",
    "track_id": 30,
    "bbox": [
      362.4007192430173,
      262.0138155688644,
      543.2976037103872,
      574.7491743707628
    ]
  },
  {
    "video_id": "1_clip_003",
    "frame": "1_clip_003_frame_0010.jpg",
    "track_id": 31,
    "bbox": [
      904.3450846990444,
      148.01403262022026,
      985.3641444970953,
      414.0895219071249
    ]
  },
  {
    "video_id": "1_clip_003",
    "frame": "1_clip_003_frame_0010.jpg",
    "track_id": 32,
    "bbox": [
      1161.857405299344,
      0.230584325366209,
      1237.7341803102804,
      213.1403297491366
    ]
  },
  {
    "video_id": "1_clip_003",
    "frame": "1_clip_003_frame_0010.jpg",
    "track_id": 34,
    "bbox": [
      1032.123257882845,
      1.080286491020459,
      1082.6627786359397,
      159.00765312947027
    ]
  },
  {
    "video_id": "1_clip_003",
    "frame": "1_clip_003_frame_0010.jpg",
    "track_id": 29,
    "bbox": [
      360.27549148804655,
      290.5715829448243,
      467.25532065106654,
      526.6157505673261
    ]
  },
  {
    "video_id": "1_clip_003",
    "frame": "1_clip_003_frame_0010.jpg",
    "track_id": 33,
    "bbox": [
      435.4686510835292,
      254.69812924002483,
      498.1118078336261,
      325.86416824877386
    ]
  },
  {
    "video_id": "1_clip_003",
    "frame": "1_clip_003_frame_0011.jpg",
    "track_id": 30,
    "bbox": [
      401.5020564359675,
      274.0802437426231,
      559.4086079550425,
      579.7265357162808
    ]
  },
  {
    "video_id": "1_clip_003",
    "frame": "1_clip_003_frame_0011.jpg",
    "track_id": 31,
    "bbox": [
      905.1804180632553,
      147.72984275978882,
      985.541668371576,
      414.2488065990313
    ]
  },
  {
    "video_id": "1_clip_003",
    "frame": "1_clip_003_frame_0011.jpg",
    "track_id": 32,
    "bbox": [
      1161.609691678262,
      0.24464856602848783,
      1236.8231245535524,
      213.07560362957759
    ]
  },
  {
    "video_id": "1_clip_003",
    "frame": "1_clip_003_frame_0011.jpg",
    "track_id": 34,
    "bbox": [
      1031.6769925379904,
      -0.20018625065107187,
      1083.8265306561898,
      157.7292191568821
    ]
  },
  {
    "video_id": "1_clip_003",
    "frame": "1_clip_003_frame_0011.jpg",
    "track_id": 29,
    "bbox": [
      381.1962281951355,
      235.14952394338766,
      486.2852063471633,
      523.6817899975196
    ]
  },
  {
    "video_id": "1_clip_003",
    "frame": "1_clip_003_frame_0011.jpg",
    "track_id": 33,
    "bbox": [
      406.2353825939556,
      195.6595027712708,
      511.39620572712494,
      333.18901426247726
    ]
  },
  {
    "video_id": "1_clip_003",
    "frame": "1_clip_003_frame_0012.jpg",
    "track_id": 30,
    "bbox": [
      411.69110793661343,
      271.53370182408116,
      552.4461608363129,
      579.6541137650195
    ]
  },
  {
    "video_id": "1_clip_003",
    "frame": "1_clip_003_frame_0012.jpg",
    "track_id": 31,
    "bbox": [
      904.8780416394749,
      147.70274056925925,
      984.5656568837046,
      414.02391782660095
    ]
  },
  {
    "video_id": "1_clip_003",
    "frame": "1_clip_003_frame_0012.jpg",
    "track_id": 32,
    "bbox": [
      1161.7509756183003,
      0.3699590629930469,
      1238.00740526498,
      213.13212656618754
    ]
  },
  {
    "video_id": "1_clip_003",
    "frame": "1_clip_003_frame_0012.jpg",
    "track_id": 34,
    "bbox": [
      1030.638194990467,
      0.19498801166460566,
      1082.6602473905991,
      157.3385821563232
    ]
  },
  {
    "video_id": "1_clip_003",
    "frame": "1_clip_003_frame_0012.jpg",
    "track_id": 29,
    "bbox": [
      381.42554549734734,
      243.12704531251188,
      480.3725406454851,
      507.9381132958679
    ]
  },
  {
    "video_id": "1_clip_003",
    "frame": "1_clip_003_frame_0012.jpg",
    "track_id": 33,
    "bbox": [
      420.02924556800883,
      176.88251080686547,
      504.1990862794432,
      340.21062383883367
    ]
  },
  {
    "video_id": "1_clip_003",
    "frame": "1_clip_003_frame_0013.jpg",
    "track_id": 30,
    "bbox": [
      422.91410501510984,
      270.3018302134574,
      554.1837625125378,
      579.7271943718576
    ]
  },
  {
    "video_id": "1_clip_003",
    "frame": "1_clip_003_frame_0013.jpg",
    "track_id": 31,
    "bbox": [
      905.3987071000299,
      147.92693441414372,
      985.3044738363968,
      414.04193943709845
    ]
  },
  {
    "video_id": "1_clip_003",
    "frame": "1_clip_003_frame_0013.jpg",
    "track_id": 32,
    "bbox": [
      1161.9064324617439,
      0.3221483877450879,
      1238.2862714552882,
      213.06754394533618
    ]
  },
  {
    "video_id": "1_clip_003",
    "frame": "1_clip_003_frame_0013.jpg",
    "track_id": 34,
    "bbox": [
      1030.508804242461,
      0.19016735574473387,
      1081.4243635335279,
      157.7435850203003
    ]
  },
  {
    "video_id": "1_clip_003",
    "frame": "1_clip_003_frame_0013.jpg",
    "track_id": 29,
    "bbox": [
      390.6757426444333,
      262.0078065989794,
      483.05282768717177,
      509.4873532796778
    ]
  },
  {
    "video_id": "1_clip_003",
    "frame": "1_clip_003_frame_0013.jpg",
    "track_id": 33,
    "bbox": [
      440.2755843430594,
      177.51287433182398,
      505.2556408394415,
      328.64113097459716
    ]
  },
  {
    "video_id": "1_clip_003",
    "frame": "1_clip_003_frame_0014.jpg",
    "track_id": 30,
    "bbox": [
      441.96375567903743,
      266.18487244812616,
      554.2229569485537,
      579.5184677068837
    ]
  },
  {
    "video_id": "1_clip_003",
    "frame": "1_clip_003_frame_0014.jpg",
    "track_id": 31,
    "bbox": [
      905.3461278029577,
      148.03939232395598,
      985.214650627909,
      414.395980841746
    ]
  },
  {
    "video_id": "1_clip_003",
    "frame": "1_clip_003_frame_0014.jpg",
    "track_id": 32,
    "bbox": [
      1164.193158438038,
      0.3627424985440513,
      1239.3178780357455,
      213.18502323584596
    ]
  },
  {
    "video_id": "1_clip_003",
    "frame": "1_clip_003_frame_0014.jpg",
    "track_id": 34,
    "bbox": [
      1033.0603306138905,
      -0.00450415947253191,
      1088.3341559702137,
      157.12071478678234
    ]
  },
  {
    "video_id": "1_clip_003",
    "frame": "1_clip_003_frame_0014.jpg",
    "track_id": 29,
    "bbox": [
      391.9562118290219,
      243.1851706069604,
      492.0421827871153,
      516.02587496415
    ]
  },
  {
    "video_id": "1_clip_003",
    "frame": "1_clip_003_frame_0014.jpg",
    "track_id": 33,
    "bbox": [
      437.5603063933733,
      183.01841724638462,
      508.5057967506606,
      328.9603556521205
    ]
  }
]