[
  {
    "video_id": "1_clip_004",
    "frame": "1_clip_004_frame_0000.jpg",
    "track_id": 35,
    "bbox": [
      1162.929443359375,
      0.22079944610595703,
      1239.2255859375,
      213.1429033279419
    ]
  },
  {
    "video_id": "1_clip_004",
    "frame": "1_clip_004_frame_0000.jpg",
    "track_id": 36,
    "bbox": [
      904.7332153320312,
      148.1613311767578,
      984.518798828125,
      414.37452697753906
    ]
  },
  {
    "video_id": "1_clip_004",
    "frame": "1_clip_004_frame_0000.jpg",
    "track_id": 37,
    "bbox": [
      429.54864501953125,
      265.39031982421875,
      551.888671875,
      579.2855224609375
    ]
  },
  {
    "video_id": "1_clip_004",
    "frame": "1_clip_004_frame_0000.jpg",
    "track_id": 38,
    "bbox": [
      415.970947265625,
      288.08172607421875,
      492.863037109375,
      520.7042846679688
    ]
  },
  {
    "video_id": "1_clip_004",
    "frame": "1_clip_004_frame_0000.jpg",
    "track_id": 39,
    "bbox": [
      1033.880615234375,
      0.05342423915863037,
      1091.4903564453125,
      157.18310868740082
    ]
  },
  {
    "video_id": "1_clip_004",
    "frame": "1_clip_004_frame_0001.jpg",
    "track_id": 35,
    "bbox": [
      1163.022352359629,
      0.2534572559719521,
      1239.0882897985025,
      213.3075677570826
    ]
  },
  {
    "video_id": "1_clip_004",
    "frame": "1_clip_004_frame_0001.jpg",
    "track_id": 36,
    "bbox": [
      904.3232003338102,
      148.0442802467537,
      985.5414308826722,
      414.28567252973176
    ]
  },
  {
    "video_id": "1_clip_004",
    "frame": "1_clip_004_frame_0001.jpg",
    "track_id": 37,
    "bbox": [
      442.5230799009764,
      265.5427636526325,
      550.5000708707089,
      579.2640842060629
    ]
  },
  {
    "video_id": "1_clip_004",
    "frame": "1_clip_004_frame_0001.jpg",
    "track_id": 38,
    "bbox": [
      405.016098385434,
      287.58958950184143,
      488.7147174131156,
      517.8733222570744
    ]
  },
  {
    "video_id": "1_clip_004",
    "frame": "1_clip_004_frame_0001.jpg",
    "track_id": 39,
    "bbox": [
      1032.2572560867195,
      0.0605913842137511,
      1089.038163002045,
      157.36781180440084
    ]
  },
  {
    "video_id": "1_clip_004",
    "frame": "1_clip_004_frame_0002.jpg",
    "track_id": 35,
    "bbox": [
      1162.457689351984,
      0.2342421315523353,
      1238.8485642655642,
      213.37427046516865
    ]
  },
  {
    "video_id": "1_clip_004",
    "frame": "1_clip_004_frame_0002.jpg",
    "track_id": 36,
    "bbox": [
      904.5363458936342,
      147.89857101738235,
      985.5832561808699,
      413.9085957700238
    ]
  },
  {
    "video_id": "1_clip_004",
    "frame": "1_clip_004_frame_0002.jpg",
    "track_id": 37,
    "bbox": [
      437.4581532106722,
      267.3400443862445,
      550.0520099474311,
      579.0033836135975
    ]
  },
  {
    "video_id": "1_clip_004",
    "frame": "1_clip_004_frame_0002.jpg",
    "track_id": 38,
    "bbox": [
      404.39705928338,
      286.4898195201986,
      491.95463659490485,
      519.2019379435183
    ]
  },
  {
    "video_id": "1_clip_004",
    "frame": "1_clip_004_frame_0002.jpg",
    "track_id": 39,
    "bbox": [
      1031.1916763434817,
      0.09035416919708439,
      1085.0940612924576,
      156.32617134443956
    ]
  },
  {
    "video_id": "1_clip_004",
    "frame": "1_clip_004_frame_0002.jpg",
    "track_id": 42,
    "bbox": [
      362.4606905230436,
      0.20443238445734835,
      452.36138583395535,
      40.64757977024954
    ]
  },
  {
    "video_id": "1_clip_004",
    "frame": "1_clip_004_frame_0003.jpg",
    "track_id": 35,
    "bbox": [
      1161.8799374119733,
      0.14717203122299338,
      1238.655422522416,
      213.3525544846842
    ]
  },
  {
    "video_id": "1_clip_004",
    "frame": "1_clip_004_frame_0003.jpg",
    "track_id": 36,
    "bbox": [
      905.3710528281058,
      147.6776915696669,
      985.6754838594621,
      414.3042608963673
    ]
  },
  {
    "video_id": "1_clip_004",
    "frame": "1_clip_004_frame_0003.jpg",
    "track_id": 37,
    "bbox": [
      442.75519542096464,
      267.803537752711,
      552.5575596031356,
      579.3961791857294
    ]
  },
  {
    "video_id": "1_clip_004",
    "frame": "1_clip_004_frame_0003.jpg",
    "track_id": 38,
    "bbox": [
      403.82356768782927,
      283.93249800663506,
      490.9914254333603,
      520.3411476402343
    ]
  },
  {
    "video_id": "1_clip_004",
    "frame": "1_clip_004_frame_0003.jpg",
    "track_id": 39,
    "bbox": [
      1032.3385707676166,
      0.5969026391790067,
      1083.1227088975213,
      156.76195231274824
    ]
  },
  {
    "video_id": "1_clip_004",
    "frame": "1_clip_004_frame_0004.jpg",
    "track_id": 35,
    "bbox": [
      1155.9256395101654,
      0.5647711323009759,
      1235.2239006906339,
      213.27463012534008
    ]
  },
  {
    "video_id": "1_clip_004",
    "frame": "1_clip_004_frame_0004.jpg",
    "track_id": 36,
    "bbox": [
      904.8692206205492,
      147.1009554759329,
      985.8574482102362,
      414.2565640291415
    ]
  },
  {
    "video_id": "1_clip_004",
    "frame": "1_clip_004_frame_0004.jpg",
    "track_id": 37,
    "bbox": [
      437.0181826824493,
      265.99147268061824,
      552.4533571161361,
      578.9081912864308
    ]
  },
  {
    "video_id": "1_clip_004",
    "frame": "1_clip_004_frame_0004.jpg",
    "track_id": 38,
    "bbox": [
      405.17631668113285,
      289.33938378074873,
      488.53344868779794,
      522.4868702282099
    ]
  },
  {
    "video_id": "1_clip_004",
    "frame": "1_clip_004_frame_0004.jpg",
    "track_id": 39,
    "bbox": [
      1032.7719655144188,
      3.9120619774541296,
      1080.6367537814328,
      156.72929930594515
    ]
  },
  {
    "video_id": "1_clip_004",
    "frame": "1_clip_004_frame_0005.jpg",
    "track_id": 35,
    "bbox": [
      1156.5600015314178,
      0.07820830355359476,
      1238.582733782443,
      213.56179952416932
    ]
  },
  {
    "video_id": "1_clip_004",
    "frame": "1_clip_004_frame_0005.jpg",
    "track_id": 36,
    "bbox": [
      904.1094837029647,
      147.6043799935311,
      985.6896786415281,
      414.0424772619831
    ]
  },
  {
    "video_id": "1_clip_004",
    "frame": "1_clip_004_frame_0005.jpg",
    "track_id": 37,
    "bbox": [
      437.782871238915,
      266.1419307322794,
      554.1402518344051,
      578.8297367537514
    ]
  },
  {
    "video_id": "1_clip_004",
    "frame": "1_clip_004_frame_0005.jpg",
    "track_id": 38,
    "bbox": [
      416.76895778145894,
      241.8731326180107,
      500.63433191591844,
      518.0598239553708
    ]
  },
  {
    "video_id": "1_clip_004",
    "frame": "1_clip_004_frame_0005.jpg",
    "track_id": 39,
    "bbox": [
      1031.0330308607408,
      0.17157475853642268,
      1082.5399862177098,
      156.7950991243418
    ]
  },
  {
    "video_id": "1_clip_004",
    "frame": "1_clip_004_frame_0005.jpg",
    "track_id": 45,
    "bbox": [
      38.80898636841579,
      0.2696374536005166,
      115.22454785296944,
      38.55010226540561
    ]
  },
  {
    "video_id": "1_clip_004",
    "frame": "1_clip_004_frame_0006.jpg",
    "track_id": 35,
    "bbox": [
      1167.4844010119639,
      0.5987744653111946,
      1245.1696776817798,
      214.8012191525894
    ]
  },
  {
    "video_id": "1_clip_004",
    "frame": "1_clip_004_frame_0006.jpg",
    "track_id": 36,
    "bbox": [
      906.0842639291416,
      147.144461521012,
      986.752215537686,
      414.2891599550908
    ]
  },
  {
    "video_id": "1_clip_004",
    "frame": "1_clip_004_frame_0006.jpg",
    "track_id": 37,
    "bbox": [
      435.1315815307116,
      265.3976312051307,
      556.9074689846052,
      578.2151718135392
    ]
  },
  {
    "video_id": "1_clip_004",
    "frame": "1_clip_004_frame_0006.jpg",
    "track_id": 38,
    "bbox": [
      426.08539881687466,
      223.16996020414487,
      507.2936815023531,
      533.5754370053254
    ]
  },
  {
    "video_id": "1_clip_004",
    "frame": "1_clip_004_frame_0006.jpg",
    "track_id": 39,
    "bbox": [
      1033.992108184466,
      0.11586274893963378,
      1090.1774116093711,
      157.29460635001377
    ]
  },
  {
    "video_id": "1_clip_004",
    "frame": "1_clip_004_frame_0007.jpg",
    "track_id": 35,
    "bbox": [
      1171.4145296590962,
      0.7964861468360596,
      1249.0194171014937,
      219.28679765053081
    ]
  },
  {
    "video_id": "1_clip_004",
    "frame": "1_clip_004_frame_0007.jpg",
    "track_id": 36,
    "bbox": [
      889.2307109690173,
      145.92618079764878,
      984.8265900884991,
      413.98371663785525
    ]
  },
  {
    "video_id": "1_clip_004",
    "frame": "1_clip_004_frame_0007.jpg",
    "track_id": 37,
    "bbox": [
      439.9478452701984,
      265.907095094022,
      564.5412342465922,
      579.0034530672299
    ]
  },
  {
    "video_id": "1_clip_004",
    "frame": "1_clip_004_frame_0007.jpg",
    "track_id": 38,
    "bbox": [
      423.5256041292138,
      222.95432322891025,
      507.45114122994545,
      509.6760988317313
    ]
  },
  {
    "video_id": "1_clip_004",
    "frame": "1_clip_004_frame_0007.jpg",
    "track_id": 39,
    "bbox": [
      1030.9494189874142,
      0.06326940817523052,
      1087.64652710464,
      157.98798200933453
    ]
  },
  {
    "video_id": "1_clip_004",
    "frame": "1_clip_004_frame_0008.jpg",
    "track_id": 35,
    "bbox": [
      1167.877253541294,
      0.45071088035581397,
      1242.7600332404672,
      220.07626224154893
    ]
  },
  {
    "video_id": "1_clip_004",
    "frame": "1_clip_004_frame_0008.jpg",
    "track_id": 36,
    "bbox": [
      895.8428977231714,
      98.60414897697535,
      980.5404936743571,
      413.8817159229384
    ]
  },
  {
    "video_id": "1_clip_004",
    "frame": "1_clip_004_frame_0008.jpg",
    "track_id": 37,
    "bbox": [
      418.802484212244,
      270.5229593217504,
      564.3446258232498,
      578.742961756283
    ]
  },
  {
    "video_id": "1_clip_004",
    "frame": "1_clip_004_frame_0008.jpg",
    "track_id": 38,
    "bbox": [
      448.30795137401446,
      217.9796152986492,
      535.5978052058811,
      491.6664300677883
    ]
  },
  {
    "video_id": "1_clip_004",
    "frame": "1_clip_004_frame_0008.jpg",
    "track_id": 39,
    "bbox": [
      1031.4525379553418,
      0.09714515546306757,
      1089.1443130188097,
      158.71403637440918
    ]
  },
  {
    "video_id": "1_clip_004",
    "frame": "1_clip_004_frame_0009.jpg",
    "track_id": 35,
    "bbox": [
      1173.5510730566373,
      1.119515989703089,
      1248.3957527926118,
      219.88515223183919
    ]
  },
  {
    "video_id": "1_clip_004",
    "frame": "1_clip_004_frame_0009.jpg",
    "track_id": 36,
    "bbox": [
      900.6217475713039,
      103.96122176825543,
      975.5453380557165,
      413.73560256650865
    ]
  },
  {
    "video_id": "1_clip_004",
    "frame": "1_clip_004_frame_0009.jpg",
    "track_id": 37,
    "bbox": [
      399.4285949267658,
      266.7647312000346,
      562.0406009899541,
      578.7196903909917
    ]
  },
  {
    "video_id": "1_clip_004",
    "frame": "1_clip_004_frame_0009.jpg",
    "track_id": 38,
    "bbox": [
      445.7662300556151,
      219.53324484594742,
      515.5580252222755,
      493.7464012140628
    ]
  },
  {
    "video_id": "1_clip_004",
    "frame": "1_clip_004_frame_0009.jpg",
    "track_id": 39,
    "bbox": [
      1031.1414280578297,
      0.07748194434937261,
      1088.014127383552,
      157.2608362105738
    ]
  },
  {
    "video_id": "1_clip_004",
    "frame": "1_clip_004_frame_0010.jpg",
    "track_id": 35,
    "bbox": [
      1173.7855203283077,
      1.0611014465578847,
      1249.3198626979697,
      219.64395027406346
    ]
  },
  {
    "video_id": "1_clip_004",
    "frame": "1_clip_004_frame_0010.jpg",
    "track_id": 36,
    "bbox": [
      899.9722194187608,
      106.79414890655153,
      975.6938804767523,
      413.7515146818332
    ]
  },
  {
    "video_id": "1_clip_004",
    "frame": "1_clip_004_frame_0010.jpg",
    "track_id": 37,
    "bbox": [
      413.35788737801073,
      266.28545507129013,
      566.1184698142403,
      578.0005418398916
    ]
  },
  {
    "video_id": "1_clip_004",
    "frame": "1_clip_004_frame_0010.jpg",
    "track_id": 38,
    "bbox": [
      440.48912661005545,
      218.47503648815757,
      511.35584081186266,
      495.4886421844982
    ]
  },
  {
    "video_id": "1_clip_004",
    "frame": "1_clip_004_frame_0010.jpg",
    "track_id": 39,
    "bbox": [
      1030.367296437639,
      0.3149828241777186,
      1085.1178973687643,
      157.97670859580668
    ]
  },
  {
    "video_id": "1_clip_004",
    "frame": "1_clip_004_frame_0011.jpg",
    "track_id": 35,
    "bbox": [
      1174.7568055973666,
      0.8066112190762595,
      1248.3943906580341,
      220.28229794258948
    ]
  },
  {
    "video_id": "1_clip_004",
    "frame": "1_clip_004_frame_0011.jpg",
    "track_id": 36,
    "bbox": [
      903.4854522788519,
      147.33077685848025,
      976.4296701691051,
      413.92500626860704
    ]
  },
  {
    "video_id": "1_clip_004",
    "frame": "1_clip_004_frame_0011.jpg",
    "track_id": 37,
    "bbox": [
      419.98526312639194,
      265.21704970754666,
      565.1176902773459,
      577.8204848311264
    ]
  },
  {
    "video_id": "1_clip_004",
    "frame": "1_clip_004_frame_0011.jpg",
    "track_id": 38,
    "bbox": [
      437.1138364997162,
      216.90633853484178,
      508.9973286363504,
      493.10501607162405
    ]
  },
  {
    "video_id": "1_clip_004",
    "frame": "1_clip_004_frame_0011.jpg",
    "track_id": 39,
    "bbox": [
      1030.6349766368685,
      0.4808889111045147,
      1083.163361863048,
      157.69100241185953
    ]
  },
  {
    "video_id": "1_clip_004",
    "frame": "1_clip_004_frame_0012.jpg",
    "track_id": 35,
    "bbox": [
      1173.9563483990044,
      0.7649999004731001,
      1247.4638404312507,
      219.6442216665104
    ]
  },
  {
    "video_id": "1_clip_004",
    "frame": "1_clip_004_frame_0012.jpg",
    "track_id": 36,
    "bbox": [
      896.8358572454415,
      146.65153718085728,
      975.127513045369,
      413.68115692075355
    ]
  },
  {
    "video_id": "1_clip_004",
    "frame": "1_clip_004_frame_0012.jpg",
    "track_id": 37,
    "bbox": [
      448.33951446064714,
      263.48290067568735,
      565.7445871935782,
      578.4790537574688
    ]
  },
  {
    "video_id": "1_clip_004",
    "frame": "1_clip_004_frame_0012.jpg",
    "track_id": 39,
    "bbox": [
      1030.150999713671,
      -0.07374057907175313,
      1083.4701556866723,
      157.1043924521298
    ]
  },
  {
    "video_id": "1_clip_004",
    "frame": "1_clip_004_frame_0012.jpg",
    "track_id": 46,
    "bbox": [
      775.9470225085329,
      0.10740949551033907,
      863.1508508899686,
      85.53640325191432
    ]
  },
  {
    "video_id": "1_clip_004",
    "frame": "1_clip_004_frame_0012.jpg",
    "track_id": 38,
    "bbox": [
      417.6993924118634,
      151.68265722819496,
      514.1571631797985,
      477.77665884695506
    ]
  },
  {
    "video_id": "1_clip_004",
    "frame": "1_clip_004_frame_0013.jpg",
    "track_id": 35,
    "bbox": [
      1174.995455419759,
      0.6763089836796752,
      1247.0338461188778,
      220.410868311152
    ]
  },
  {
    "video_id": "1_clip_004",
    "frame": "1_clip_004_frame_0013.jpg",
    "track_id": 36,
    "bbox": [
      898.6163332431711,
      147.12595669709674,
      975.3099790305135,
      413.75684986678164
    ]
  },
  {
    "video_id": "1_clip_004",
    "frame": "1_clip_004_frame_0013.jpg",
    "track_id": 37,
    "bbox": [
      444.2625187404112,
      264.17653805053175,
      559.6777585381474,
      578.5397680351323
    ]
  },
  {
    "video_id": "1_clip_004",
    "frame": "1_clip_004_frame_0013.jpg",
    "track_id": 39,
    "bbox": [
      1029.5259367688507,
      0.05659676312097872,
      1082.6092663076595,
      158.06440206311638
    ]
  },
  {
    "video_id": "1_clip_004",
    "frame": "1_clip_004_frame_0013.jpg",
    "track_id": 38,
    "bbox": [
      435.7705421831617,
      187.4249660865835,
      523.0340704581502,
      474.7050104620191
    ]
  },
  {
    "video_id": "1_clip_004",
    "frame": "1_clip_004_frame_0013.jpg",
    "track_id": 47,
    "bbox": [
      399.39470786581103,
      131.8104538900928,
      483.01095797815424,
      261.8107401997638
    ]
  },
  {
    "video_id": "1_clip_004",
    "frame": "1_clip_004_frame_0013.jpg",
    "track_id": 48,
    "bbox": [
      647.6401945136961,
      0.23735760076730372,
      729.4311993357234,
      95.62566374381063
    ]
  },
  {
    "video_id": "1_clip_004",
    "frame": "1_clip_004_frame_0014.jpg",
    "track_id": 35,
    "bbox": [
      1173.5749166270273,
      0.7772444046822926,
      1246.234382740458,
      220.56198333768623
    ]
  },
  {
    "video_id": "1_clip_004",
    "frame": "1_clip_004_frame_0014.jpg",
    "track_id": 36,
    "bbox": [
      899.0581205103571,
      146.9622636057087,
      974.967687873037,
      413.372254305738
    ]
  },
  {
    "video_id": "1_clip_004",
    "frame": "1_clip_004_frame_0014.jpg",
    "track_id": 37,
    "bbox": [
      449.5963361535619,
      265.6139102054774,
      557.2835380563544,
      578.3815246337006
    ]
  },
  {
    "video_id": "1_clip_004",
    "frame": "1_clip_004_frame_0014.jpg",
    "track_id": 39,
    "bbox": [
      1030.7426486253903,
      0.5880949111500371,
      1083.6495790585236,
      158.61266590669584
    ]
  },
  {
    "video_id": "1_clip_004",
    "frame": "1_clip_004_frame_0014.jpg",
    "track_id": 38,
    "bbox": [
      408.08722718358104,
      157.7876481890652,
      497.82467247694467,
      427.91572922435705
    ]
  },
  {
    "video_id": "1_clip_004",
    "frame": "1_clip_004_frame_0014.jpg",
    "track_id": 48,
    "bbox": [
      536.1246085369346,
      0.1319282341380088,
      624.861357385006,
      92.37450789493036
    ]
  },
  {
    "video_id": "1_clip_004",
    "frame": "1_clip_004_frame_0014.jpg",
    "track_id": 47,
    "bbox": [
      392.907529102181,
      123.24840047833236,
      436.0538629089783,
      205.70817979889222
    ]
  }
]