[
  {
    "video_id": "1_clip_001",
    "frame": "1_clip_001_frame_0000.jpg",
    "track_id": 13,
    "bbox": [
      549.7721557617188,
      438.59197998046875,
      676.3043823242188,
      718.4253540039062
    ]
  },
  {
    "video_id": "1_clip_001",
    "frame": "1_clip_001_frame_0000.jpg",
    "track_id": 14,
    "bbox": [
      1163.405517578125,
      0.05596160888671875,
      1240.944580078125,
      213.0409164428711
    ]
  },
  {
    "video_id": "1_clip_001",
    "frame": "1_clip_001_frame_0000.jpg",
    "track_id": 15,
    "bbox": [
      902.418212890625,
      104.56233215332031,
      974.5254516601562,
      413.85108947753906
    ]
  },
  {
    "video_id": "1_clip_001",
    "frame": "1_clip_001_frame_0000.jpg",
    "track_id": 16,
    "bbox": [
      1030.581787109375,
      0.11905252933502197,
      1083.79833984375,
      157.17921793460846
    ]
  },
  {
    "video_id": "1_clip_001",
    "frame": "1_clip_001_frame_0000.jpg",
    "track_id": 17,
    "bbox": [
      395.23187255859375,
      162.0354766845703,
      507.2066650390625,
      277.6160888671875
    ]
  },
  {
    "video_id": "1_clip_001",
    "frame": "1_clip_001_frame_0001.jpg",
    "track_id": 13,
    "bbox": [
      549.1758749529411,
      439.02127035023796,
      673.085337818278,
      718.010457965448
    ]
  },
  {
    "video_id": "1_clip_001",
    "frame": "1_clip_001_frame_0001.jpg",
    "track_id": 14,
    "bbox": [
      1163.8743596840193,
      0.04122435195826313,
      1240.6620741398015,
      213.28016526504234
    ]
  },
  {
    "video_id": "1_clip_001",
    "frame": "1_clip_001_frame_0001.jpg",
    "track_id": 15,
    "bbox": [
      899.7946872740223,
      103.45587002817189,
      976.812983893637,
      413.98065608097664
    ]
  },
  {
    "video_id": "1_clip_001",
    "frame": "1_clip_001_frame_0001.jpg",
    "track_id": 16,
    "bbox": [
      1029.3373754841382,
      0.11739566062104245,
      1082.6238345797806,
      158.30001969600127
    ]
  },
  {
    "video_id": "1_clip_001",
    "frame": "1_clip_001_frame_0002.jpg",
    "track_id": 13,
    "bbox": [
      549.4272705040877,
      438.95599396192824,
      672.878829353075,
      718.4182849098822
    ]
  },
  {
    "video_id": "1_clip_001",
    "frame": "1_clip_001_frame_0002.jpg",
    "track_id": 14,
    "bbox": [
      1165.8890606074442,
      0.09364064885131995,
      1240.4230420126955,
      212.3968389619268
    ]
  },
  {
    "video_id": "1_clip_001",
    "frame": "1_clip_001_frame_0002.jpg",
    "track_id": 15,
    "bbox": [
      904.0764781494976,
      147.27464664303304,
      974.8309385373908,
      414.03991529009795
    ]
  },
  {
    "video_id": "1_clip_001",
    "frame": "1_clip_001_frame_0002.jpg",
    "track_id": 16,
    "bbox": [
      1027.6318543406949,
      0.029681077290518942,
      1080.9706968534886,
      156.57980203345852
    ]
  },
  {
    "video_id": "1_clip_001",
    "frame": "1_clip_001_frame_0002.jpg",
    "track_id": 17,
    "bbox": [
      387.17447707402755,
      194.73420733863475,
      541.4880853746401,
      341.57697588865517
    ]
  },
  {
    "video_id": "1_clip_001",
    "frame": "1_clip_001_frame_0003.jpg",
    "track_id": 13,
    "bbox": [
      550.559812965918,
      438.01611442596993,
      674.1737242140579,
      718.0865579502893
    ]
  },
  {
    "video_id": "1_clip_001",
    "frame": "1_clip_001_frame_0003.jpg",
    "track_id": 14,
    "bbox": [
      1166.461468724642,
      0.19945576361418205,
      1240.6538147004023,
      212.3161303282983
    ]
  },
  {
    "video_id": "1_clip_001",
    "frame": "1_clip_001_frame_0003.jpg",
    "track_id": 15,
    "bbox": [
      901.8615581838422,
      120.82589602252244,
      975.1254909075844,
      414.11168686384997
    ]
  },
  {
    "video_id": "1_clip_001",
    "frame": "1_clip_001_frame_0003.jpg",
    "track_id": 16,
    "bbox": [
      1027.870698112689,
      0.09024506084595885,
      1081.9024446029275,
      156.75397287678078
    ]
  },
  {
    "video_id": "1_clip_001",
    "frame": "1_clip_001_frame_0003.jpg",
    "track_id": 18,
    "bbox": [
      377.94924141127314,
      175.30687722629332,
      490.1483828930408,
      307.08161413610844
    ]
  },
  {
    "video_id": "1_clip_001",
    "frame": "1_clip_001_frame_0003.jpg",
    "track_id": 17,
    "bbox": [
      423.77177788501285,
      212.7748061294246,
      629.1837182343334,
      499.41535394297284
    ]
  },
  {
    "video_id": "1_clip_001",
    "frame": "1_clip_001_frame_0004.jpg",
    "track_id": 13,
    "bbox": [
      548.4573800032036,
      437.1975923707964,
      671.7255975475081,
      718.3930073310908
    ]
  },
  {
    "video_id": "1_clip_001",
    "frame": "1_clip_001_frame_0004.jpg",
    "track_id": 14,
    "bbox": [
      1166.2901142245012,
      0.15589455306880495,
      1240.253200151783,
      212.78341947202938
    ]
  },
  {
    "video_id": "1_clip_001",
    "frame": "1_clip_001_frame_0004.jpg",
    "track_id": 15,
    "bbox": [
      900.2956582448779,
      104.74447547097131,
      977.124062930175,
      413.7783806178462
    ]
  },
  {
    "video_id": "1_clip_001",
    "frame": "1_clip_001_frame_0004.jpg",
    "track_id": 16,
    "bbox": [
      1027.8726637138122,
      0.08669051106285508,
      1082.282085487923,
      157.67593661369034
    ]
  },
  {
    "video_id": "1_clip_001",
    "frame": "1_clip_001_frame_0004.jpg",
    "track_id": 18,
    "bbox": [
      401.00265341977405,
      173.4313418961629,
      490.33662757224494,
      295.382079279486
    ]
  },
  {
    "video_id": "1_clip_001",
    "frame": "1_clip_001_frame_0004.jpg",
    "track_id": 17,
    "bbox": [
      449.7358517425737,
      213.2789155627205,
      577.0470577735678,
      492.22844437481547
    ]
  },
  {
    "video_id": "1_clip_001",
    "frame": "1_clip_001_frame_0005.jpg",
    "track_id": 13,
    "bbox": [
      549.1459340060602,
      436.95788553840055,
      673.2530773012872,
      718.2382778266164
    ]
  },
  {
    "video_id": "1_clip_001",
    "frame": "1_clip_001_frame_0005.jpg",
    "track_id": 14,
    "bbox": [
      1166.2706500911534,
      0.10444119124387896,
      1240.4038909177725,
      213.12249617170562
    ]
  },
  {
    "video_id": "1_clip_001",
    "frame": "1_clip_001_frame_0005.jpg",
    "track_id": 15,
    "bbox": [
      902.1084316146644,
      105.53630361753775,
      977.4995323020315,
      413.8246294975547
    ]
  },
  {
    "video_id": "1_clip_001",
    "frame": "1_clip_001_frame_0005.jpg",
    "track_id": 16,
    "bbox": [
      1028.8100616921083,
      0.08250870127071153,
      1082.331896718671,
      157.36967990201128
    ]
  },
  {
    "video_id": "1_clip_001",
    "frame": "1_clip_001_frame_0005.jpg",
    "track_id": 18,
    "bbox": [
      386.58979228265036,
      165.0366570489503,
      506.53399145031193,
      254.65498507555282
    ]
  },
  {
    "video_id": "1_clip_001",
    "frame": "1_clip_001_frame_0005.jpg",
    "track_id": 17,
    "bbox": [
      410.98316169968865,
      219.6225321668653,
      568.2524047006959,
      492.626285043115
    ]
  },
  {
    "video_id": "1_clip_001",
    "frame": "1_clip_001_frame_0006.jpg",
    "track_id": 13,
    "bbox": [
      549.0721836262455,
      436.5842990818161,
      670.3291695703701,
      718.168463698344
    ]
  },
  {
    "video_id": "1_clip_001",
    "frame": "1_clip_001_frame_0006.jpg",
    "track_id": 14,
    "bbox": [
      1166.197199343758,
      0.2557008282877149,
      1240.9653826321307,
      211.6938441314581
    ]
  },
  {
    "video_id": "1_clip_001",
    "frame": "1_clip_001_frame_0006.jpg",
    "track_id": 15,
    "bbox": [
      903.1142074218407,
      102.58415615946313,
      976.4492848565473,
      413.8334214152425
    ]
  },
  {
    "video_id": "1_clip_001",
    "frame": "1_clip_001_frame_0006.jpg",
    "track_id": 16,
    "bbox": [
      1028.3893762235575,
      0.13168543708572145,
      1082.4908409596392,
      158.30325913410684
    ]
  },
  {
    "video_id": "1_clip_001",
    "frame": "1_clip_001_frame_0006.jpg",
    "track_id": 17,
    "bbox": [
      435.3468808998521,
      211.4357352725611,
      577.2317858447731,
      497.5316601439103
    ]
  },
  {
    "video_id": "1_clip_001",
    "frame": "1_clip_001_frame_0007.jpg",
    "track_id": 13,
    "bbox": [
      551.6604261479122,
      436.46093540374727,
      673.507219207395,
      718.2651303783778
    ]
  },
  {
    "video_id": "1_clip_001",
    "frame": "1_clip_001_frame_0007.jpg",
    "track_id": 14,
    "bbox": [
      1166.2028910026936,
      0.3108472827472326,
      1240.8687656211946,
      212.1391992333447
    ]
  },
  {
    "video_id": "1_clip_001",
    "frame": "1_clip_001_frame_0007.jpg",
    "track_id": 15,
    "bbox": [
      904.4396200607656,
      103.29331382039976,
      977.6901400352954,
      413.9903167992324
    ]
  },
  {
    "video_id": "1_clip_001",
    "frame": "1_clip_001_frame_0007.jpg",
    "track_id": 16,
    "bbox": [
      1029.3117370447708,
      0.05489702533326124,
      1082.7649201394427,
      157.78844748409904
    ]
  },
  {
    "video_id": "1_clip_001",
    "frame": "1_clip_001_frame_0007.jpg",
    "track_id": 17,
    "bbox": [
      397.4038069752388,
      208.23548276549576,
      569.5193388215323,
      494.7698145899788
    ]
  },
  {
    "video_id": "1_clip_001",
    "frame": "1_clip_001_frame_0007.jpg",
    "track_id": 20,
    "bbox": [
      452.85795915535243,
      166.4750283955805,
      524.455420763444,
      427.3759984922119
    ]
  },
  {
    "video_id": "1_clip_001",
    "frame": "1_clip_001_frame_0008.jpg",
    "track_id": 13,
    "bbox": [
      552.3825359432878,
      436.5458817833456,
      673.719290810881,
      718.2541762119831
    ]
  },
  {
    "video_id": "1_clip_001",
    "frame": "1_clip_001_frame_0008.jpg",
    "track_id": 14,
    "bbox": [
      1166.6308675877347,
      0.14740841804382399,
      1241.4759731908123,
      212.40115808760942
    ]
  },
  {
    "video_id": "1_clip_001",
    "frame": "1_clip_001_frame_0008.jpg",
    "track_id": 15,
    "bbox": [
      904.2279472991206,
      103.21858765517288,
      977.0376135112947,
      414.11664346031876
    ]
  },
  {
    "video_id": "1_clip_001",
    "frame": "1_clip_001_frame_0008.jpg",
    "track_id": 16,
    "bbox": [
      1029.8203115605288,
      0.05059607336447414,
      1082.701909441167,
      156.4676007553541
    ]
  },
  {
    "video_id": "1_clip_001",
    "frame": "1_clip_001_frame_0008.jpg",
    "track_id": 17,
    "bbox": [
      373.9677589503129,
      200.86514236797976,
      542.9415636458328,
      478.2070631440538
    ]
  },
  {
    "video_id": "1_clip_001",
    "frame": "1_clip_001_frame_0009.jpg",
    "track_id": 13,
    "bbox": [
      552.6666666672737,
      436.4495989041143,
      674.0030973498858,
      718.463534735017
    ]
  },
  {
    "video_id": "1_clip_001",
    "frame": "1_clip_001_frame_0009.jpg",
    "track_id": 14,
    "bbox": [
      1165.7391026844195,
      0.15849387479437382,
      1240.5529088064166,
      212.53095771272743
    ]
  },
  {
    "video_id": "1_clip_001",
    "frame": "1_clip_001_frame_0009.jpg",
    "track_id": 15,
    "bbox": [
      903.2561578019479,
      103.8431373781427,
      976.8960797650835,
      413.77943684240086
    ]
  },
  {
    "video_id": "1_clip_001",
    "frame": "1_clip_001_frame_0009.jpg",
    "track_id": 16,
    "bbox": [
      1030.3227690291515,
      0.12117275831437269,
      1082.7758708931526,
      156.96858040701878
    ]
  },
  {
    "video_id": "1_clip_001",
    "frame": "1_clip_001_frame_0009.jpg",
    "track_id": 17,
    "bbox": [
      391.6416825688535,
      199.31389153004548,
      558.9443481677915,
      484.773658778985
    ]
  },
  {
    "video_id": "1_clip_001",
    "frame": "1_clip_001_frame_0009.jpg",
    "track_id": 20,
    "bbox": [
      457.0984911335468,
      165.24923699505132,
      533.0338141429926,
      441.9623311072013
    ]
  },
  {
    "video_id": "1_clip_001",
    "frame": "1_clip_001_frame_0010.jpg",
    "track_id": 13,
    "bbox": [
      553.5034424309757,
      436.301294929495,
      674.7040933682193,
      718.5615943438618
    ]
  },
  {
    "video_id": "1_clip_001",
    "frame": "1_clip_001_frame_0010.jpg",
    "track_id": 14,
    "bbox": [
      1166.2341730760706,
      0.14388179949177982,
      1241.0879806816229,
      213.11001849243138
    ]
  },
  {
    "video_id": "1_clip_001",
    "frame": "1_clip_001_frame_0010.jpg",
    "track_id": 15,
    "bbox": [
      902.4984800316178,
      102.5952870581028,
      975.3998794578723,
      413.5866233135015
    ]
  },
  {
    "video_id": "1_clip_001",
    "frame": "1_clip_001_frame_0010.jpg",
    "track_id": 16,
    "bbox": [
      1030.3712243577204,
      0.001518567909158719,
      1083.1944943221658,
      157.69017200289963
    ]
  },
  {
    "video_id": "1_clip_001",
    "frame": "1_clip_001_frame_0010.jpg",
    "track_id": 17,
    "bbox": [
      379.4342024042621,
      209.21338638661507,
      562.9593821368871,
      486.2575650451471
    ]
  },
  {
    "video_id": "1_clip_001",
    "frame": "1_clip_001_frame_0010.jpg",
    "track_id": 20,
    "bbox": [
      451.76147376761605,
      168.15434332020808,
      524.4786843791466,
      440.7083961748108
    ]
  },
  {
    "video_id": "1_clip_001",
    "frame": "1_clip_001_frame_0011.jpg",
    "track_id": 13,
    "bbox": [
      554.9624098832201,
      437.31523658225376,
      675.2272907781892,
      718.6391150628422
    ]
  },
  {
    "video_id": "1_clip_001",
    "frame": "1_clip_001_frame_0011.jpg",
    "track_id": 14,
    "bbox": [
      1164.82696016271,
      0.12141730637594605,
      1240.5092676288264,
      213.12706028729005
    ]
  },
  {
    "video_id": "1_clip_001",
    "frame": "1_clip_001_frame_0011.jpg",
    "track_id": 15,
    "bbox": [
      901.9686045833707,
      102.99301072373186,
      975.1145652438078,
      413.5914204811689
    ]
  },
  {
    "video_id": "1_clip_001",
    "frame": "1_clip_001_frame_0011.jpg",
    "track_id": 16,
    "bbox": [
      1031.5314247347344,
      0.0826297500913995,
      1083.9305531561145,
      157.6968297865235
    ]
  },
  {
    "video_id": "1_clip_001",
    "frame": "1_clip_001_frame_0011.jpg",
    "track_id": 17,
    "bbox": [
      368.302544237379,
      228.0246127552211,
      548.3580476564831,
      493.02547200596723
    ]
  },
  {
    "video_id": "1_clip_001",
    "frame": "1_clip_001_frame_0012.jpg",
    "track_id": 13,
    "bbox": [
      554.8793531887643,
      437.01742292898524,
      675.3493453013307,
      718.4397883232698
    ]
  },
  {
    "video_id": "1_clip_001",
    "frame": "1_clip_001_frame_0012.jpg",
    "track_id": 14,
    "bbox": [
      1164.512217755458,
      0.20045238847887958,
      1239.9765194612976,
      212.6609949509905
    ]
  },
  {
    "video_id": "1_clip_001",
    "frame": "1_clip_001_frame_0012.jpg",
    "track_id": 15,
    "bbox": [
      905.4134012819158,
      148.1981893972671,
      975.8102233916925,
      413.6332321164116
    ]
  },
  {
    "video_id": "1_clip_001",
    "frame": "1_clip_001_frame_0012.jpg",
    "track_id": 16,
    "bbox": [
      1032.2993819918372,
      0.2430510854715351,
      1098.3981277397215,
      160.78353264899044
    ]
  },
  {
    "video_id": "1_clip_001",
    "frame": "1_clip_001_frame_0012.jpg",
    "track_id": 20,
    "bbox": [
      450.9682585260475,
      210.99674151020807,
      543.3099895807342,
      499.5941224942392
    ]
  },
  {
    "video_id": "1_clip_001",
    "frame": "1_clip_001_frame_0012.jpg",
    "track_id": 17,
    "bbox": [
      390.5579262588035,
      189.57574772464574,
      524.5063180225409,
      430.08277364799756
    ]
  },
  {
    "video_id": "1_clip_001",
    "frame": "1_clip_001_frame_0013.jpg",
    "track_id": 13,
    "bbox": [
      555.2566750480308,
      436.4573336703685,
      675.9768013307943,
      718.4646808125431
    ]
  },
  {
    "video_id": "1_clip_001",
    "frame": "1_clip_001_frame_0013.jpg",
    "track_id": 14,
    "bbox": [
      1160.0531747956447,
      0.5191449757977296,
      1236.4811569459785,
      212.950071536623
    ]
  },
  {
    "video_id": "1_clip_001",
    "frame": "1_clip_001_frame_0013.jpg",
    "track_id": 15,
    "bbox": [
      897.6806854907317,
      145.7775129708847,
      977.3318162082353,
      413.43677039176873
    ]
  },
  {
    "video_id": "1_clip_001",
    "frame": "1_clip_001_frame_0013.jpg",
    "track_id": 16,
    "bbox": [
      1031.143704719575,
      0.0356917839862092,
      1096.4813715125529,
      159.93470970901416
    ]
  },
  {
    "video_id": "1_clip_001",
    "frame": "1_clip_001_frame_0013.jpg",
    "track_id": 20,
    "bbox": [
      464.79986533086435,
      200.91428192506157,
      568.2355964018777,
      498.87214656854997
    ]
  },
  {
    "video_id": "1_clip_001",
    "frame": "1_clip_001_frame_0013.jpg",
    "track_id": 17,
    "bbox": [
      359.13207982957044,
      228.06242260624222,
      503.37801226208273,
      452.43922737306
    ]
  },
  {
    "video_id": "1_clip_001",
    "frame": "1_clip_001_frame_0014.jpg",
    "track_id": 13,
    "bbox": [
      554.231962588393,
      435.71978211921214,
      675.5565662044448,
      718.5686120956466
    ]
  },
  {
    "video_id": "1_clip_001",
    "frame": "1_clip_001_frame_0014.jpg",
    "track_id": 14,
    "bbox": [
      1153.2691681284546,
      0.7077176489357839,
      1236.9920239196247,
      210.60351391300202
    ]
  },
  {
    "video_id": "1_clip_001",
    "frame": "1_clip_001_frame_0014.jpg",
    "track_id": 15,
    "bbox": [
      897.576669268432,
      146.4119629039527,
      975.4345815422215,
      413.7707712771522
    ]
  },
  {
    "video_id": "1_clip_001",
    "frame": "1_clip_001_frame_0014.jpg",
    "track_id": 16,
    "bbox": [
      1030.7019991362229,
      0.23969891819801603,
      1095.1195242817469,
      158.80567347153254
    ]
  },
  {
    "video_id": "1_clip_001",
    "frame": "1_clip_001_frame_0014.jpg",
    "track_id": 20,
    "bbox": [
      478.20255817012435,
      201.4147950773413,
      559.1107711107368,
      499.30674969743734
    ]
  },
  {
    "video_id": "1_clip_001",
    "frame": "1_clip_001_frame_0014.jpg",
    "track_id": 17,
    "bbox": [
      352.93501209780464,
      209.50181185968955,
      499.9088184119226,
      441.92846852811357
    ]
  }
]