[
  {
    "video_id": "1_clip_005",
    "frame": "1_clip_005_frame_0000.jpg",
    "track_id": 52,
    "bbox": [
      1173.015625,
      0.7146048545837402,
      1245.4520263671875,
      219.80525732040405
    ]
  },
  {
    "video_id": "1_clip_005",
    "frame": "1_clip_005_frame_0000.jpg",
    "track_id": 53,
    "bbox": [
      899.7402954101562,
      146.72149658203125,
      973.9405517578125,
      413.4071044921875
    ]
  },
  {
    "video_id": "1_clip_005",
    "frame": "1_clip_005_frame_0000.jpg",
    "track_id": 54,
    "bbox": [
      450.4111022949219,
      269.8493347167969,
      560.8673706054688,
      580.1825561523438
    ]
  },
  {
    "video_id": "1_clip_005",
    "frame": "1_clip_005_frame_0000.jpg",
    "track_id": 55,
    "bbox": [
      388.602783203125,
      0.3650325536727905,
      498.357666015625,
      97.14847218990326
    ]
  },
  {
    "video_id": "1_clip_005",
    "frame": "1_clip_005_frame_0000.jpg",
    "track_id": 56,
    "bbox": [
      435.474853515625,
      141.44119262695312,
      511.25189208984375,
      406.9958190917969
    ]
  },
  {
    "video_id": "1_clip_005",
    "frame": "1_clip_005_frame_0000.jpg",
    "track_id": 57,
    "bbox": [
      1031.689697265625,
      0.05510866641998291,
      1090.2357177734375,
      160.1279388666153
    ]
  },
  {
    "video_id": "1_clip_005",
    "frame": "1_clip_005_frame_0001.jpg",
    "track_id": 52,
    "bbox": [
      1172.078715076736,
      0.6951250116462546,
      1244.8306253611318,
      218.87516894746233
    ]
  },
  {
    "video_id": "1_clip_005",
    "frame": "1_clip_005_frame_0001.jpg",
    "track_id": 53,
    "bbox": [
      899.9761331516917,
      147.83048065454452,
      975.2358352295249,
      413.9272382247742
    ]
  },
  {
    "video_id": "1_clip_005",
    "frame": "1_clip_005_frame_0001.jpg",
    "track_id": 54,
    "bbox": [
      459.4273398957411,
      257.934536098691,
      582.8002163071433,
      580.8371532200856
    ]
  },
  {
    "video_id": "1_clip_005",
    "frame": "1_clip_005_frame_0001.jpg",
    "track_id": 56,
    "bbox": [
      408.92355267731074,
      123.61154542712734,
      479.7081155156725,
      384.7570711476142
    ]
  },
  {
    "video_id": "1_clip_005",
    "frame": "1_clip_005_frame_0001.jpg",
    "track_id": 57,
    "bbox": [
      1030.923436672146,
      0.19834623268496898,
      1088.5092742442332,
      160.3325776798927
    ]
  },
  {
    "video_id": "1_clip_005",
    "frame": "1_clip_005_frame_0001.jpg",
    "track_id": 59,
    "bbox": [
      686.2218705998032,
      -0.20387543803491326,
      773.2096954613546,
      81.41334059089809
    ]
  },
  {
    "video_id": "1_clip_005",
    "frame": "1_clip_005_frame_0002.jpg",
    "track_id": 52,
    "bbox": [
      1168.7169959778682,
      0.6140791913963568,
      1242.5653874678605,
      219.4709363700914
    ]
  },
  {
    "video_id": "1_clip_005",
    "frame": "1_clip_005_frame_0002.jpg",
    "track_id": 53,
    "bbox": [
      887.3616990458249,
      151.27487195546212,
      965.7419032720347,
      413.5646120880848
    ]
  },
  {
    "video_id": "1_clip_005",
    "frame": "1_clip_005_frame_0002.jpg",
    "track_id": 54,
    "bbox": [
      471.17552093882716,
      257.20974215442675,
      594.8905481518793,
      566.2997300867261
    ]
  },
  {
    "video_id": "1_clip_005",
    "frame": "1_clip_005_frame_0002.jpg",
    "track_id": 57,
    "bbox": [
      1032.933014414822,
      -0.05873372789496045,
      1088.7766010571052,
      156.901885188439
    ]
  },
  {
    "video_id": "1_clip_005",
    "frame": "1_clip_005_frame_0002.jpg",
    "track_id": 61,
    "bbox": [
      375.3451752300681,
      45.313782983058935,
      427.49208222991143,
      136.05211170199868
    ]
  },
  {
    "video_id": "1_clip_005",
    "frame": "1_clip_005_frame_0002.jpg",
    "track_id": 59,
    "bbox": [
      552.888839124601,
      0.13695731895573005,
      631.0615118525327,
      81.5505388278689
    ]
  },
  {
    "video_id": "1_clip_005",
    "frame": "1_clip_005_frame_0003.jpg",
    "track_id": 52,
    "bbox": [
      1168.8487811020236,
      0.6228731065678801,
      1242.8693073636243,
      218.9506495123868
    ]
  },
  {
    "video_id": "1_clip_005",
    "frame": "1_clip_005_frame_0003.jpg",
    "track_id": 53,
    "bbox": [
      869.4376574681495,
      151.87574823742548,
      983.6186595584502,
      413.965495084762
    ]
  },
  {
    "video_id": "1_clip_005",
    "frame": "1_clip_005_frame_0003.jpg",
    "track_id": 54,
    "bbox": [
      522.7252439122077,
      241.894615089831,
      635.3087909536754,
      549.0329680801738
    ]
  },
  {
    "video_id": "1_clip_005",
    "frame": "1_clip_005_frame_0003.jpg",
    "track_id": 57,
    "bbox": [
      1031.5687841196784,
      0.04418994821520528,
      1086.6097563243463,
      156.84345286209185
    ]
  },
  {
    "video_id": "1_clip_005",
    "frame": "1_clip_005_frame_0003.jpg",
    "track_id": 59,
    "bbox": [
      439.7489738942884,
      0.14975664059238625,
      526.9704124526279,
      87.72834970025255
    ]
  },
  {
    "video_id": "1_clip_005",
    "frame": "1_clip_005_frame_0003.jpg",
    "track_id": 62,
    "bbox": [
      107.44525362271546,
      -0.1419035327476479,
      174.99714432017953,
      90.33325318830966
    ]
  },
  {
    "video_id": "1_clip_005",
    "frame": "1_clip_005_frame_0004.jpg",
    "track_id": 52,
    "bbox": [
      1169.9147487922248,
      0.5708886982547199,
      1243.6315558144913,
      216.43025622845144
    ]
  },
  {
    "video_id": "1_clip_005",
    "frame": "1_clip_005_frame_0004.jpg",
    "track_id": 53,
    "bbox": [
      900.4620585451107,
      156.3905306528888,
      979.7997058336247,
      413.18203045741546
    ]
  },
  {
    "video_id": "1_clip_005",
    "frame": "1_clip_005_frame_0004.jpg",
    "track_id": 54,
    "bbox": [
      496.00425104585486,
      240.63605163656732,
      649.8157470084684,
      549.3818175083724
    ]
  },
  {
    "video_id": "1_clip_005",
    "frame": "1_clip_005_frame_0004.jpg",
    "track_id": 57,
    "bbox": [
      1030.986190297799,
      0.16651688007827659,
      1085.2760082922991,
      157.7473183709821
    ]
  },
  {
    "video_id": "1_clip_005",
    "frame": "1_clip_005_frame_0004.jpg",
    "track_id": 62,
    "bbox": [
      30.80670902249311,
      -0.027458796133572605,
      94.25242110503983,
      89.6155536000428
    ]
  },
  {
    "video_id": "1_clip_005",
    "frame": "1_clip_005_frame_0005.jpg",
    "track_id": 52,
    "bbox": [
      1168.9568382950645,
      0.5423258213541118,
      1243.5610985563687,
      217.6286976577149
    ]
  },
  {
    "video_id": "1_clip_005",
    "frame": "1_clip_005_frame_0005.jpg",
    "track_id": 53,
    "bbox": [
      903.5225626449807,
      155.31328770358314,
      979.8567624477758,
      413.5828139282893
    ]
  },
  {
    "video_id": "1_clip_005",
    "frame": "1_clip_005_frame_0005.jpg",
    "track_id": 54,
    "bbox": [
      432.95104501974225,
      241.82687547293918,
      646.096847051143,
      548.5214735287369
    ]
  },
  {
    "video_id": "1_clip_005",
    "frame": "1_clip_005_frame_0005.jpg",
    "track_id": 57,
    "bbox": [
      1031.8810604840435,
      0.09598903310457274,
      1086.482462407027,
      157.61987361431494
    ]
  },
  {
    "video_id": "1_clip_005",
    "frame": "1_clip_005_frame_0006.jpg",
    "track_id": 52,
    "bbox": [
      1168.1427613251806,
      0.46486846119400127,
      1242.8506916682027,
      219.61715417660935
    ]
  },
  {
    "video_id": "1_clip_005",
    "frame": "1_clip_005_frame_0006.jpg",
    "track_id": 53,
    "bbox": [
      892.29018501893,
      153.3666679977017,
      980.0932892463431,
      413.4861485783563
    ]
  },
  {
    "video_id": "1_clip_005",
    "frame": "1_clip_005_frame_0006.jpg",
    "track_id": 54,
    "bbox": [
      410.42706488929156,
      240.8871166969913,
      601.7928365914242,
      549.0050081642489
    ]
  },
  {
    "video_id": "1_clip_005",
    "frame": "1_clip_005_frame_0006.jpg",
    "track_id": 57,
    "bbox": [
      1031.3806668654704,
      0.3032874895832549,
      1086.3374333664892,
      160.43303889109413
    ]
  },
  {
    "video_id": "1_clip_005",
    "frame": "1_clip_005_frame_0006.jpg",
    "track_id": 63,
    "bbox": [
      157.92453225407144,
      0.031234550988173737,
      237.08780777368924,
      188.5858201671922
    ]
  },
  {
    "video_id": "1_clip_005",
    "frame": "1_clip_005_frame_0006.jpg",
    "track_id": 64,
    "bbox": [
      109.10208254289174,
      0.022028795902137688,
      167.70296319893268,
      87.5826778490393
    ]
  },
  {
    "video_id": "1_clip_005",
    "frame": "1_clip_005_frame_0007.jpg",
    "track_id": 52,
    "bbox": [
      1168.2337110553453,
      0.514425032907667,
      1243.9100882401672,
      218.30513569444423
    ]
  },
  {
    "video_id": "1_clip_005",
    "frame": "1_clip_005_frame_0007.jpg",
    "track_id": 53,
    "bbox": [
      897.8685285560571,
      108.12832608208737,
      986.0494714027237,
      413.69606870038365
    ]
  },
  {
    "video_id": "1_clip_005",
    "frame": "1_clip_005_frame_0007.jpg",
    "track_id": 54,
    "bbox": [
      411.027349311419,
      223.72319127031113,
      586.185829121064,
      509.3525263679981
    ]
  },
  {
    "video_id": "1_clip_005",
    "frame": "1_clip_005_frame_0007.jpg",
    "track_id": 57,
    "bbox": [
      1031.8024351701063,
      0.6443396577697058,
      1085.486949447628,
      158.90682099476322
    ]
  },
  {
    "video_id": "1_clip_005",
    "frame": "1_clip_005_frame_0007.jpg",
    "track_id": 63,
    "bbox": [
      135.64197298171945,
      -0.14787074857643745,
      215.61709629092513,
      142.2523442129467
    ]
  },
  {
    "video_id": "1_clip_005",
    "frame": "1_clip_005_frame_0007.jpg",
    "track_id": 64,
    "bbox": [
      46.66402590777114,
      0.1889549936657815,
      108.61689604219276,
      84.89024408360743
    ]
  },
  {
    "video_id": "1_clip_005",
    "frame": "1_clip_005_frame_0008.jpg",
    "track_id": 52,
    "bbox": [
      1169.2731161789052,
      0.6937946309234917,
      1244.1445141938216,
      220.10118819033653
    ]
  },
  {
    "video_id": "1_clip_005",
    "frame": "1_clip_005_frame_0008.jpg",
    "track_id": 53,
    "bbox": [
      903.073468478558,
      106.93324783257634,
      981.7510076880002,
      413.320997268231
    ]
  },
  {
    "video_id": "1_clip_005",
    "frame": "1_clip_005_frame_0008.jpg",
    "track_id": 54,
    "bbox": [
      414.8590328638243,
      236.344768808697,
      560.5021288387203,
      503.8180110549258
    ]
  },
  {
    "video_id": "1_clip_005",
    "frame": "1_clip_005_frame_0008.jpg",
    "track_id": 57,
    "bbox": [
      1031.3030284893964,
      -0.03588206257674642,
      1088.1414351634012,
      159.46307119603335
    ]
  },
  {
    "video_id": "1_clip_005",
    "frame": "1_clip_005_frame_0008.jpg",
    "track_id": 63,
    "bbox": [
      107.17861295433092,
      0.34874029134492446,
      187.00237748950605,
      117.02763144751036
    ]
  },
  {
    "video_id": "1_clip_005",
    "frame": "1_clip_005_frame_0009.jpg",
    "track_id": 52,
    "bbox": [
      1169.6219695003008,
      0.66630742889663,
      1244.4910623555745,
      219.5241730842002
    ]
  },
  {
    "video_id": "1_clip_005",
    "frame": "1_clip_005_frame_0009.jpg",
    "track_id": 53,
    "bbox": [
      902.1897412658305,
      108.68751452405141,
      980.9530724972952,
      413.5496770391493
    ]
  },
  {
    "video_id": "1_clip_005",
    "frame": "1_clip_005_frame_0009.jpg",
    "track_id": 54,
    "bbox": [
      403.742175318842,
      226.19138144492646,
      542.9652281992377,
      499.16981603672286
    ]
  },
  {
    "video_id": "1_clip_005",
    "frame": "1_clip_005_frame_0009.jpg",
    "track_id": 57,
    "bbox": [
      1030.7233177006408,
      0.03505085441697986,
      1086.9757613186036,
      158.6674299200007
    ]
  },
  {
    "video_id": "1_clip_005",
    "frame": "1_clip_005_frame_0009.jpg",
    "track_id": 63,
    "bbox": [
      77.55034494763056,
      0.4465237595622824,
      150.091138744222,
      93.26099974435643
    ]
  },
  {
    "video_id": "1_clip_005",
    "frame": "1_clip_005_frame_0009.jpg",
    "track_id": 65,
    "bbox": [
      173.49178748700393,
      -0.14860181059056998,
      237.56505122557863,
      90.05323485077838
    ]
  },
  {
    "video_id": "1_clip_005",
    "frame": "1_clip_005_frame_0010.jpg",
    "track_id": 52,
    "bbox": [
      1165.4597534851337,
      0.6109804426292698,
      1241.1815349254682,
      216.41540896183812
    ]
  },
  {
    "video_id": "1_clip_005",
    "frame": "1_clip_005_frame_0010.jpg",
    "track_id": 53,
    "bbox": [
      903.0166350551793,
      108.08658791001258,
      980.8873061499429,
      413.2959554023274
    ]
  },
  {
    "video_id": "1_clip_005",
    "frame": "1_clip_005_frame_0010.jpg",
    "track_id": 54,
    "bbox": [
      442.83701339594614,
      214.06616345372817,
      553.7674274013473,
      486.9960109607637
    ]
  },
  {
    "video_id": "1_clip_005",
    "frame": "1_clip_005_frame_0010.jpg",
    "track_id": 57,
    "bbox": [
      1030.1530990737413,
      -0.07691657187322676,
      1083.2019010041147,
      159.33573834380428
    ]
  },
  {
    "video_id": "1_clip_005",
    "frame": "1_clip_005_frame_0010.jpg",
    "track_id": 65,
    "bbox": [
      102.03914243900091,
      0.1917548298417131,
      168.3796268093293,
      89.6763840812699
    ]
  },
  {
    "video_id": "1_clip_005",
    "frame": "1_clip_005_frame_0011.jpg",
    "track_id": 52,
    "bbox": [
      1174.0459988269288,
      0.7219052863042634,
      1250.4176862322872,
      216.24458069780198
    ]
  },
  {
    "video_id": "1_clip_005",
    "frame": "1_clip_005_frame_0011.jpg",
    "track_id": 53,
    "bbox": [
      903.480062641438,
      101.07507521092487,
      980.0613204651792,
      413.9719983986032
    ]
  },
  {
    "video_id": "1_clip_005",
    "frame": "1_clip_005_frame_0011.jpg",
    "track_id": 54,
    "bbox": [
      384.1394716975376,
      170.96485741393096,
      512.0044257445063,
      462.4029037886096
    ]
  },
  {
    "video_id": "1_clip_005",
    "frame": "1_clip_005_frame_0011.jpg",
    "track_id": 57,
    "bbox": [
      1031.1439191675893,
      -0.057231485186648,
      1084.2774303214462,
      158.81550851243009
    ]
  },
  {
    "video_id": "1_clip_005",
    "frame": "1_clip_005_frame_0011.jpg",
    "track_id": 65,
    "bbox": [
      133.02087324601766,
      0.1430704110385861,
      226.27543142200005,
      82.63976297456219
    ]
  },
  {
    "video_id": "1_clip_005",
    "frame": "1_clip_005_frame_0011.jpg",
    "track_id": 63,
    "bbox": [
      27.017607529284962,
      0.06482951935134196,
      88.87716878372758,
      88.48961618894941
    ]
  },
  {
    "video_id": "1_clip_005",
    "frame": "1_clip_005_frame_0012.jpg",
    "track_id": 52,
    "bbox": [
      1166.357060867147,
      0.1656848955492194,
      1243.2649332309302,
      214.61864701494235
    ]
  },
  {
    "video_id": "1_clip_005",
    "frame": "1_clip_005_frame_0012.jpg",
    "track_id": 53,
    "bbox": [
      907.6024706731995,
      151.55663806172203,
      974.9037783280173,
      413.5256266172934
    ]
  },
  {
    "video_id": "1_clip_005",
    "frame": "1_clip_005_frame_0012.jpg",
    "track_id": 54,
    "bbox": [
      396.27940631323327,
      126.62688618806291,
      500.25479134165073,
      397.0842084609037
    ]
  },
  {
    "video_id": "1_clip_005",
    "frame": "1_clip_005_frame_0012.jpg",
    "track_id": 57,
    "bbox": [
      1029.6413767693787,
      0.4216741367001049,
      1082.9621143198433,
      159.50207748578555
    ]
  },
  {
    "video_id": "1_clip_005",
    "frame": "1_clip_005_frame_0013.jpg",
    "track_id": 52,
    "bbox": [
      1167.697693256568,
      0.2534276927038519,
      1243.2053865163712,
      214.60324841108303
    ]
  },
  {
    "video_id": "1_clip_005",
    "frame": "1_clip_005_frame_0013.jpg",
    "track_id": 53,
    "bbox": [
      897.7996525409176,
      140.82606309855638,
      973.4357961305021,
      406.1226405219013
    ]
  },
  {
    "video_id": "1_clip_005",
    "frame": "1_clip_005_frame_0013.jpg",
    "track_id": 54,
    "bbox": [
      394.09584945905135,
      111.34300446879286,
      465.84681306675714,
      344.3759930653715
    ]
  },
  {
    "video_id": "1_clip_005",
    "frame": "1_clip_005_frame_0013.jpg",
    "track_id": 57,
    "bbox": [
      1030.6718838376999,
      3.0795938149820046,
      1081.6785389250317,
      159.82690451761744
    ]
  },
  {
    "video_id": "1_clip_005",
    "frame": "1_clip_005_frame_0014.jpg",
    "track_id": 52,
    "bbox": [
      1169.2175473757932,
      0.2765711791819001,
      1244.4080229839797,
      209.26523103357502
    ]
  },
  {
    "video_id": "1_clip_005",
    "frame": "1_clip_005_frame_0014.jpg",
    "track_id": 53,
    "bbox": [
      864.7150850964916,
      120.23897859481576,
      954.1077139357108,
      378.9891326676739
    ]
  },
  {
    "video_id": "1_clip_005",
    "frame": "1_clip_005_frame_0014.jpg",
    "track_id": 57,
    "bbox": [
      1031.4161360461549,
      2.0504158366638023,
      1082.1603832671285,
      156.43814888379248
    ]
  },
  {
    "video_id": "1_clip_005",
    "frame": "1_clip_005_frame_0014.jpg",
    "track_id": 66,
    "bbox": [
      465.0229851821532,
      0.09504787087132627,
      525.6391606722752,
      73.08085062747922
    ]
  }
]