[
  {
    "video_id": "1_clip_002",
    "frame": "1_clip_002_frame_0000.jpg",
    "track_id": 23,
    "bbox": [
      553.9058227539062,
      433.8294677734375,
      675.343505859375,
      718.3984375
    ]
  },
  {
    "video_id": "1_clip_002",
    "frame": "1_clip_002_frame_0000.jpg",
    "track_id": 24,
    "bbox": [
      898.2882690429688,
      146.80453491210938,
      974.2901611328125,
      413.8177185058594
    ]
  },
  {
    "video_id": "1_clip_002",
    "frame": "1_clip_002_frame_0000.jpg",
    "track_id": 25,
    "bbox": [
      1163.8316650390625,
      0.5694437026977539,
      1241.39794921875,
      212.9143991470337
    ]
  },
  {
    "video_id": "1_clip_002",
    "frame": "1_clip_002_frame_0000.jpg",
    "track_id": 26,
    "bbox": [
      348.82781982421875,
      193.41246032714844,
      500.04364013671875,
      440.8335266113281
    ]
  },
  {
    "video_id": "1_clip_002",
    "frame": "1_clip_002_frame_0000.jpg",
    "track_id": 27,
    "bbox": [
      471.23480224609375,
      201.91419982910156,
      557.172607421875,
      498.67469787597656
    ]
  },
  {
    "video_id": "1_clip_002",
    "frame": "1_clip_002_frame_0000.jpg",
    "track_id": 28,
    "bbox": [
      1031.96875,
      0.1624453067779541,
      1095.0859375,
      159.5644075870514
    ]
  },
  {
    "video_id": "1_clip_002",
    "frame": "1_clip_002_frame_0001.jpg",
    "track_id": 23,
    "bbox": [
      554.29594296378,
      434.84764177031934,
      675.8861509531907,
      718.1583520549975
    ]
  },
  {
    "video_id": "1_clip_002",
    "frame": "1_clip_002_frame_0001.jpg",
    "track_id": 24,
    "bbox": [
      897.8354316416235,
      146.3738958847504,
      974.6420814638436,
      413.67713011200703
    ]
  },
  {
    "video_id": "1_clip_002",
    "frame": "1_clip_002_frame_0001.jpg",
    "track_id": 25,
    "bbox": [
      1166.5155551488513,
      0.3245741176919381,
      1242.3744200306003,
      213.29128398254562
    ]
  },
  {
    "video_id": "1_clip_002",
    "frame": "1_clip_002_frame_0001.jpg",
    "track_id": 26,
    "bbox": [
      387.1838558790426,
      196.24185042944262,
      494.9208608153786,
      434.7302169379698
    ]
  },
  {
    "video_id": "1_clip_002",
    "frame": "1_clip_002_frame_0001.jpg",
    "track_id": 27,
    "bbox": [
      471.507151088047,
      199.04966148687535,
      556.9907946921342,
      499.5516466851557
    ]
  },
  {
    "video_id": "1_clip_002",
    "frame": "1_clip_002_frame_0001.jpg",
    "track_id": 28,
    "bbox": [
      1032.3199857807797,
      0.15585917241787683,
      1094.1979361493336,
      158.6051895532753
    ]
  },
  {
    "video_id": "1_clip_002",
    "frame": "1_clip_002_frame_0002.jpg",
    "track_id": 23,
    "bbox": [
      554.1475631057604,
      434.4180375303665,
      675.6260337196883,
      718.3222683801341
    ]
  },
  {
    "video_id": "1_clip_002",
    "frame": "1_clip_002_frame_0002.jpg",
    "track_id": 24,
    "bbox": [
      897.9423891943718,
      145.91118926899128,
      974.0504832700561,
      413.6151644951515
    ]
  },
  {
    "video_id": "1_clip_002",
    "frame": "1_clip_002_frame_0002.jpg",
    "track_id": 25,
    "bbox": [
      1165.2458981258815,
      0.08938858437939246,
      1240.4907225610016,
      213.06578892296847
    ]
  },
  {
    "video_id": "1_clip_002",
    "frame": "1_clip_002_frame_0002.jpg",
    "track_id": 26,
    "bbox": [
      380.46459000179834,
      187.07085282534354,
      499.63282731009195,
      426.05802136409295
    ]
  },
  {
    "video_id": "1_clip_002",
    "frame": "1_clip_002_frame_0002.jpg",
    "track_id": 27,
    "bbox": [
      454.9702172962416,
      199.99999241857128,
      551.2744473977293,
      491.3701793455688
    ]
  },
  {
    "video_id": "1_clip_002",
    "frame": "1_clip_002_frame_0002.jpg",
    "track_id": 28,
    "bbox": [
      1032.3029892558425,
      0.10753300970850432,
      1094.1950145945286,
      158.6933635448673
    ]
  },
  {
    "video_id": "1_clip_002",
    "frame": "1_clip_002_frame_0003.jpg",
    "track_id": 23,
    "bbox": [
      554.6797611443245,
      436.07354808146135,
      675.8947126005734,
      718.524218163893
    ]
  },
  {
    "video_id": "1_clip_002",
    "frame": "1_clip_002_frame_0003.jpg",
    "track_id": 24,
    "bbox": [
      899.1939143959158,
      145.875417870712,
      974.3293051183721,
      413.5780083226357
    ]
  },
  {
    "video_id": "1_clip_002",
    "frame": "1_clip_002_frame_0003.jpg",
    "track_id": 25,
    "bbox": [
      1165.3642377827841,
      0.1398501845130795,
      1239.540315390872,
      213.35373393051356
    ]
  },
  {
    "video_id": "1_clip_002",
    "frame": "1_clip_002_frame_0003.jpg",
    "track_id": 26,
    "bbox": [
      408.9313288792195,
      201.96108629886328,
      489.8043226774683,
      455.97449440169237
    ]
  },
  {
    "video_id": "1_clip_002",
    "frame": "1_clip_002_frame_0003.jpg",
    "track_id": 27,
    "bbox": [
      459.78602918316255,
      204.79612899836437,
      556.0299398014482,
      491.11940612126614
    ]
  },
  {
    "video_id": "1_clip_002",
    "frame": "1_clip_002_frame_0003.jpg",
    "track_id": 28,
    "bbox": [
      1031.467999622126,
      0.12033157207356737,
      1093.2228881817268,
      159.51147544137507
    ]
  },
  {
    "video_id": "1_clip_002",
    "frame": "1_clip_002_frame_0004.jpg",
    "track_id": 23,
    "bbox": [
      555.5626877464609,
      436.3466165936061,
      677.3566066077595,
      718.3073524638087
    ]
  },
  {
    "video_id": "1_clip_002",
    "frame": "1_clip_002_frame_0004.jpg",
    "track_id": 24,
    "bbox": [
      898.7478944412428,
      145.73764657031788,
      973.6008636585234,
      413.6782600443745
    ]
  },
  {
    "video_id": "1_clip_002",
    "frame": "1_clip_002_frame_0004.jpg",
    "track_id": 25,
    "bbox": [
      1165.3638047505115,
      0.17180752883558625,
      1239.4449216730525,
      213.37021278906423
    ]
  },
  {
    "video_id": "1_clip_002",
    "frame": "1_clip_002_frame_0004.jpg",
    "track_id": 26,
    "bbox": [
      360.29533770108793,
      228.26591378707406,
      460.70579738957025,
      507.7335012758997
    ]
  },
  {
    "video_id": "1_clip_002",
    "frame": "1_clip_002_frame_0004.jpg",
    "track_id": 27,
    "bbox": [
      466.25550783597083,
      197.3207052813504,
      553.6115014373567,
      488.0863890173253
    ]
  },
  {
    "video_id": "1_clip_002",
    "frame": "1_clip_002_frame_0004.jpg",
    "track_id": 28,
    "bbox": [
      1031.0020866677291,
      0.18219289018703932,
      1092.6071445873968,
      160.13834650846775
    ]
  },
  {
    "video_id": "1_clip_002",
    "frame": "1_clip_002_frame_0005.jpg",
    "track_id": 23,
    "bbox": [
      555.9946846506933,
      435.35909296456043,
      679.6186749394923,
      718.2798660836888
    ]
  },
  {
    "video_id": "1_clip_002",
    "frame": "1_clip_002_frame_0005.jpg",
    "track_id": 24,
    "bbox": [
      898.5663376590335,
      145.89296990124123,
      973.3380482695901,
      413.8100964817593
    ]
  },
  {
    "video_id": "1_clip_002",
    "frame": "1_clip_002_frame_0005.jpg",
    "track_id": 25,
    "bbox": [
      1164.7697995703768,
      0.21426261881656217,
      1240.5696700102712,
      212.8482074457039
    ]
  },
  {
    "video_id": "1_clip_002",
    "frame": "1_clip_002_frame_0005.jpg",
    "track_id": 26,
    "bbox": [
      326.7985031327546,
      272.2502351594634,
      454.7176474325041,
      532.1350325537587
    ]
  },
  {
    "video_id": "1_clip_002",
    "frame": "1_clip_002_frame_0005.jpg",
    "track_id": 27,
    "bbox": [
      398.0993638917964,
      187.43475329754273,
      493.958572633124,
      476.66414400295974
    ]
  },
  {
    "video_id": "1_clip_002",
    "frame": "1_clip_002_frame_0005.jpg",
    "track_id": 28,
    "bbox": [
      1035.5066775930893,
      0.21476489419644906,
      1098.5598217924633,
      158.05025162508713
    ]
  },
  {
    "video_id": "1_clip_002",
    "frame": "1_clip_002_frame_0006.jpg",
    "track_id": 23,
    "bbox": [
      555.9508706984908,
      435.47283197346246,
      680.1373773906686,
      718.410493340371
    ]
  },
  {
    "video_id": "1_clip_002",
    "frame": "1_clip_002_frame_0006.jpg",
    "track_id": 24,
    "bbox": [
      899.000488693553,
      146.28713042711337,
      973.1756146701134,
      413.5941812975307
    ]
  },
  {
    "video_id": "1_clip_002",
    "frame": "1_clip_002_frame_0006.jpg",
    "track_id": 25,
    "bbox": [
      1164.2597179806141,
      0.14569543629157522,
      1240.2467576310014,
      212.97821725390207
    ]
  },
  {
    "video_id": "1_clip_002",
    "frame": "1_clip_002_frame_0006.jpg",
    "track_id": 26,
    "bbox": [
      318.34001601695365,
      279.8438617665513,
      461.3479268588774,
      531.9116854794287
    ]
  },
  {
    "video_id": "1_clip_002",
    "frame": "1_clip_002_frame_0006.jpg",
    "track_id": 27,
    "bbox": [
      357.33955500334014,
      178.40524081117377,
      491.82238556452154,
      464.701183267407
    ]
  },
  {
    "video_id": "1_clip_002",
    "frame": "1_clip_002_frame_0006.jpg",
    "track_id": 28,
    "bbox": [
      1034.5708891397323,
      -0.19566101459250262,
      1091.743804053978,
      159.0454006291352
    ]
  },
  {
    "video_id": "1_clip_002",
    "frame": "1_clip_002_frame_0007.jpg",
    "track_id": 23,
    "bbox": [
      556.4671789758545,
      436.03475866296003,
      680.4861586400261,
      718.3676088101961
    ]
  },
  {
    "video_id": "1_clip_002",
    "frame": "1_clip_002_frame_0007.jpg",
    "track_id": 24,
    "bbox": [
      898.4679835772167,
      145.81452677009693,
      972.8112323049797,
      413.41718148013615
    ]
  },
  {
    "video_id": "1_clip_002",
    "frame": "1_clip_002_frame_0007.jpg",
    "track_id": 25,
    "bbox": [
      1163.5351455825598,
      0.15947018691771575,
      1239.462224302291,
      212.8907098058054
    ]
  },
  {
    "video_id": "1_clip_002",
    "frame": "1_clip_002_frame_0007.jpg",
    "track_id": 26,
    "bbox": [
      315.590879929037,
      274.2172546978709,
      477.2792489637496,
      531.9474137277075
    ]
  },
  {
    "video_id": "1_clip_002",
    "frame": "1_clip_002_frame_0007.jpg",
    "track_id": 27,
    "bbox": [
      366.18476174762895,
      168.99655646415647,
      477.8882542605772,
      393.47214082522316
    ]
  },
  {
    "video_id": "1_clip_002",
    "frame": "1_clip_002_frame_0007.jpg",
    "track_id": 28,
    "bbox": [
      1037.8479445942003,
      0.29372962243323286,
      1093.4501659978503,
      156.88248387810805
    ]
  },
  {
    "video_id": "1_clip_002",
    "frame": "1_clip_002_frame_0008.jpg",
    "track_id": 23,
    "bbox": [
      568.1068058746201,
      439.05076784174935,
      681.9375379626958,
      718.51705665553
    ]
  },
  {
    "video_id": "1_clip_002",
    "frame": "1_clip_002_frame_0008.jpg",
    "track_id": 24,
    "bbox": [
      897.2701188768018,
      146.55797968872727,
      973.0630967812723,
      413.50616855042585
    ]
  },
  {
    "video_id": "1_clip_002",
    "frame": "1_clip_002_frame_0008.jpg",
    "track_id": 25,
    "bbox": [
      1163.8784019446582,
      0.01857224601151586,
      1239.3776124104268,
      213.10894140714112
    ]
  },
  {
    "video_id": "1_clip_002",
    "frame": "1_clip_002_frame_0008.jpg",
    "track_id": 26,
    "bbox": [
      327.60651344984524,
      244.22309042518665,
      470.8727968953466,
      518.5982334999636
    ]
  },
  {
    "video_id": "1_clip_002",
    "frame": "1_clip_002_frame_0008.jpg",
    "track_id": 27,
    "bbox": [
      380.32728022677685,
      189.32887930140566,
      468.0671725535728,
      347.66158807830436
    ]
  },
  {
    "video_id": "1_clip_002",
    "frame": "1_clip_002_frame_0009.jpg",
    "track_id": 23,
    "bbox": [
      586.6764242009803,
      440.1943801071129,
      690.1100520381805,
      718.6322345770843
    ]
  },
  {
    "video_id": "1_clip_002",
    "frame": "1_clip_002_frame_0009.jpg",
    "track_id": 24,
    "bbox": [
      902.2974576387209,
      146.4297347989905,
      977.897919384764,
      413.7619063929177
    ]
  },
  {
    "video_id": "1_clip_002",
    "frame": "1_clip_002_frame_0009.jpg",
    "track_id": 25,
    "bbox": [
      1164.3019070759942,
      0.029897178765722288,
      1239.7891569569138,
      213.38776141219233
    ]
  },
  {
    "video_id": "1_clip_002",
    "frame": "1_clip_002_frame_0009.jpg",
    "track_id": 26,
    "bbox": [
      345.0038632176775,
      247.32559643076985,
      469.3429886403742,
      516.6532279427604
    ]
  },
  {
    "video_id": "1_clip_002",
    "frame": "1_clip_002_frame_0009.jpg",
    "track_id": 27,
    "bbox": [
      388.88484574041456,
      182.843311789334,
      468.96982102117374,
      331.2137212189766
    ]
  },
  {
    "video_id": "1_clip_002",
    "frame": "1_clip_002_frame_0009.jpg",
    "track_id": 28,
    "bbox": [
      1038.9216527810295,
      27.48943878593974,
      1081.7616376478534,
      157.86006681355013
    ]
  },
  {
    "video_id": "1_clip_002",
    "frame": "1_clip_002_frame_0010.jpg",
    "track_id": 23,
    "bbox": [
      571.5557814948392,
      437.33769468045296,
      687.8997857161086,
      718.3061717986161
    ]
  },
  {
    "video_id": "1_clip_002",
    "frame": "1_clip_002_frame_0010.jpg",
    "track_id": 24,
    "bbox": [
      897.020606184094,
      145.94623738079017,
      973.3749546939162,
      413.3985633425683
    ]
  },
  {
    "video_id": "1_clip_002",
    "frame": "1_clip_002_frame_0010.jpg",
    "track_id": 25,
    "bbox": [
      1163.6085795754195,
      0.13848970022519325,
      1239.64927522354,
      213.2269839083729
    ]
  },
  {
    "video_id": "1_clip_002",
    "frame": "1_clip_002_frame_0010.jpg",
    "track_id": 26,
    "bbox": [
      352.223968483671,
      244.10610694600592,
      478.30070127594956,
      516.5071072939686
    ]
  },
  {
    "video_id": "1_clip_002",
    "frame": "1_clip_002_frame_0010.jpg",
    "track_id": 27,
    "bbox": [
      372.3775788315064,
      170.01056880963768,
      476.369958624756,
      320.29281410676083
    ]
  },
  {
    "video_id": "1_clip_002",
    "frame": "1_clip_002_frame_0010.jpg",
    "track_id": 28,
    "bbox": [
      1036.7942735241782,
      -0.2237622851370844,
      1090.0221575616793,
      157.3090835501999
    ]
  },
  {
    "video_id": "1_clip_002",
    "frame": "1_clip_002_frame_0011.jpg",
    "track_id": 23,
    "bbox": [
      509.1345917490893,
      430.78096220385476,
      640.6648393266181,
      717.5034835104536
    ]
  },
  {
    "video_id": "1_clip_002",
    "frame": "1_clip_002_frame_0011.jpg",
    "track_id": 24,
    "bbox": [
      907.6127880985158,
      146.1910352842225,
      985.1614253047426,
      414.1274590351112
    ]
  },
  {
    "video_id": "1_clip_002",
    "frame": "1_clip_002_frame_0011.jpg",
    "track_id": 25,
    "bbox": [
      1163.4285156824901,
      0.1057400181748136,
      1240.0612192104882,
      212.8424703719706
    ]
  },
  {
    "video_id": "1_clip_002",
    "frame": "1_clip_002_frame_0011.jpg",
    "track_id": 26,
    "bbox": [
      361.5877432720714,
      258.8189008803637,
      486.6818621026214,
      519.3108624835891
    ]
  },
  {
    "video_id": "1_clip_002",
    "frame": "1_clip_002_frame_0011.jpg",
    "track_id": 27,
    "bbox": [
      388.78906626027555,
      169.72192843569093,
      477.6787004569205,
      314.46152363934016
    ]
  },
  {
    "video_id": "1_clip_002",
    "frame": "1_clip_002_frame_0011.jpg",
    "track_id": 28,
    "bbox": [
      1035.9553509433676,
      0.14906598966987872,
      1090.9858122440633,
      157.31546905838363
    ]
  },
  {
    "video_id": "1_clip_002",
    "frame": "1_clip_002_frame_0012.jpg",
    "track_id": 23,
    "bbox": [
      507.1874220696587,
      400.8729743859658,
      639.4933941487043,
      718.0605505093322
    ]
  },
  {
    "video_id": "1_clip_002",
    "frame": "1_clip_002_frame_0012.jpg",
    "track_id": 24,
    "bbox": [
      902.3104334030966,
      146.45196521872836,
      982.4477738117641,
      414.32104397402054
    ]
  },
  {
    "video_id": "1_clip_002",
    "frame": "1_clip_002_frame_0012.jpg",
    "track_id": 25,
    "bbox": [
      1163.3892757101196,
      0.1444004802844745,
      1239.052809448549,
      212.7944052792765
    ]
  },
  {
    "video_id": "1_clip_002",
    "frame": "1_clip_002_frame_0012.jpg",
    "track_id": 26,
    "bbox": [
      353.04164727074476,
      290.2419191725717,
      468.4113202115226,
      525.1000406450303
    ]
  },
  {
    "video_id": "1_clip_002",
    "frame": "1_clip_002_frame_0012.jpg",
    "track_id": 27,
    "bbox": [
      362.292006696251,
      168.0704024768343,
      479.7429813485508,
      344.7517571243899
    ]
  },
  {
    "video_id": "1_clip_002",
    "frame": "1_clip_002_frame_0012.jpg",
    "track_id": 28,
    "bbox": [
      1035.5154139341014,
      0.12592856667703245,
      1090.5687485819735,
      157.39498155048645
    ]
  },
  {
    "video_id": "1_clip_002",
    "frame": "1_clip_002_frame_0013.jpg",
    "track_id": 23,
    "bbox": [
      491.988623565408,
      367.7820564611699,
      613.1473256810949,
      701.4894684392052
    ]
  },
  {
    "video_id": "1_clip_002",
    "frame": "1_clip_002_frame_0013.jpg",
    "track_id": 24,
    "bbox": [
      903.4804657983478,
      146.91632501763536,
      981.2318096478587,
      413.8318656280592
    ]
  },
  {
    "video_id": "1_clip_002",
    "frame": "1_clip_002_frame_0013.jpg",
    "track_id": 25,
    "bbox": [
      1163.3275185272669,
      0.10961205969967125,
      1238.6256880778492,
      212.81442787456132
    ]
  },
  {
    "video_id": "1_clip_002",
    "frame": "1_clip_002_frame_0013.jpg",
    "track_id": 26,
    "bbox": [
      350.7413528414428,
      295.95453325676664,
      478.81235783368425,
      525.3067408733287
    ]
  },
  {
    "video_id": "1_clip_002",
    "frame": "1_clip_002_frame_0013.jpg",
    "track_id": 27,
    "bbox": [
      393.9831101787934,
      176.95610155478238,
      495.51156215506103,
      356.40509293529
    ]
  },
  {
    "video_id": "1_clip_002",
    "frame": "1_clip_002_frame_0013.jpg",
    "track_id": 28,
    "bbox": [
      1036.0630011577184,
      0.22784209611704398,
      1090.654668512239,
      157.25452629677335
    ]
  },
  {
    "video_id": "1_clip_002",
    "frame": "1_clip_002_frame_0014.jpg",
    "track_id": 23,
    "bbox": [
      479.23801338484554,
      335.93968069906384,
      593.3507619096299,
      663.1913987787752
    ]
  },
  {
    "video_id": "1_clip_002",
    "frame": "1_clip_002_frame_0014.jpg",
    "track_id": 24,
    "bbox": [
      903.7290343135926,
      148.3232451298645,
      981.5479361981794,
      414.1975157149235
    ]
  },
  {
    "video_id": "1_clip_002",
    "frame": "1_clip_002_frame_0014.jpg",
    "track_id": 25,
    "bbox": [
      1164.0030298241866,
      0.16546699227086492,
      1238.9419156009374,
      212.69574814561113
    ]
  },
  {
    "video_id": "1_clip_002",
    "frame": "1_clip_002_frame_0014.jpg",
    "track_id": 26,
    "bbox": [
      340.741455077692,
      270.11656351014364,
      485.292120970504,
      526.8440770472685
    ]
  },
  {
    "video_id": "1_clip_002",
    "frame": "1_clip_002_frame_0014.jpg",
    "track_id": 27,
    "bbox": [
      415.62811036082667,
      180.49647551757093,
      507.6095453254957,
      365.41949034010145
    ]
  },
  {
    "video_id": "1_clip_002",
    "frame": "1_clip_002_frame_0014.jpg",
    "track_id": 28,
    "bbox": [
      1035.6598295551541,
      -0.10020407019990785,
      1091.7255892563737,
      157.15474446646385
    ]
  }
]