[
  {
    "video_id": "1_clip_000",
    "frame": "1_clip_000_frame_0000.jpg",
    "track_id": 1,
    "bbox": [
      15.681185722351074,
      486.1175537109375,
      138.6146421432495,
      718.2162475585938
    ]
  },
  {
    "video_id": "1_clip_000",
    "frame": "1_clip_000_frame_0000.jpg",
    "track_id": 2,
    "bbox": [
      899.9044189453125,
      112.41667938232422,
      974.6805419921875,
      413.8895492553711
    ]
  },
  {
    "video_id": "1_clip_000",
    "frame": "1_clip_000_frame_0000.jpg",
    "track_id": 3,
    "bbox": [
      1164.8863525390625,
      0.14611601829528809,
      1240.42822265625,
      212.2949960231781
    ]
  },
  {
    "video_id": "1_clip_000",
    "frame": "1_clip_000_frame_0000.jpg",
    "track_id": 4,
    "bbox": [
      235.46920776367188,
      232.91114807128906,
      311.50958251953125,
      541.2412261962891
    ]
  },
  {
    "video_id": "1_clip_000",
    "frame": "1_clip_000_frame_0000.jpg",
    "track_id": 5,
    "bbox": [
      1029.911865234375,
      -0.005541443824768066,
      1083.2105712890625,
      159.97674310207367
    ]
  },
  {
    "video_id": "1_clip_000",
    "frame": "1_clip_000_frame_0000.jpg",
    "track_id": 6,
    "bbox": [
      394.423583984375,
      157.2644500732422,
      477.7803955078125,
      244.80136108398438
    ]
  },
  {
    "video_id": "1_clip_000",
    "frame": "1_clip_000_frame_0001.jpg",
    "track_id": 1,
    "bbox": [
      -13.928806910433813,
      420.9973549535183,
      125.48303786855777,
      718.1457926013834
    ]
  },
  {
    "video_id": "1_clip_000",
    "frame": "1_clip_000_frame_0001.jpg",
    "track_id": 2,
    "bbox": [
      900.8013591727986,
      113.13521788197878,
      974.5288584575324,
      413.71330921988306
    ]
  },
  {
    "video_id": "1_clip_000",
    "frame": "1_clip_000_frame_0001.jpg",
    "track_id": 3,
    "bbox": [
      1165.6933151680478,
      0.17319184154489164,
      1240.368691071988,
      212.48769174617138
    ]
  },
  {
    "video_id": "1_clip_000",
    "frame": "1_clip_000_frame_0001.jpg",
    "track_id": 4,
    "bbox": [
      239.31185233404244,
      237.2590457217031,
      308.901493644694,
      538.932783974439
    ]
  },
  {
    "video_id": "1_clip_000",
    "frame": "1_clip_000_frame_0001.jpg",
    "track_id": 5,
    "bbox": [
      1030.2750491276508,
      0.028961536634383833,
      1084.577389869193,
      156.52658954656408
    ]
  },
  {
    "video_id": "1_clip_000",
    "frame": "1_clip_000_frame_0001.jpg",
    "track_id": 6,
    "bbox": [
      394.1153454487352,
      158.9994984916619,
      473.0162746368066,
      249.75452191564415
    ]
  },
  {
    "video_id": "1_clip_000",
    "frame": "1_clip_000_frame_0001.jpg",
    "track_id": 7,
    "bbox": [
      420.2200056659068,
      185.19351887032994,
      509.38611860039964,
      312.9892865993089
    ]
  },
  {
    "video_id": "1_clip_000",
    "frame": "1_clip_000_frame_0002.jpg",
    "track_id": 1,
    "bbox": [
      -1.6435245362142652,
      360.2873004760934,
      108.5520625506523,
      660.2352585110393
    ]
  },
  {
    "video_id": "1_clip_000",
    "frame": "1_clip_000_frame_0002.jpg",
    "track_id": 2,
    "bbox": [
      900.8585575364623,
      111.51433620338986,
      975.1116733158306,
      413.7347207295939
    ]
  },
  {
    "video_id": "1_clip_000",
    "frame": "1_clip_000_frame_0002.jpg",
    "track_id": 3,
    "bbox": [
      1164.4518837337669,
      0.10024986933254354,
      1239.4282454500576,
      212.39425912621334
    ]
  },
  {
    "video_id": "1_clip_000",
    "frame": "1_clip_000_frame_0002.jpg",
    "track_id": 4,
    "bbox": [
      241.6354768913185,
      239.1246374682628,
      336.5851296591554,
      538.5973579108545
    ]
  },
  {
    "video_id": "1_clip_000",
    "frame": "1_clip_000_frame_0002.jpg",
    "track_id": 5,
    "bbox": [
      1030.4184609802294,
      0.062294875977386255,
      1084.1367994252084,
      156.16887584087578
    ]
  },
  {
    "video_id": "1_clip_000",
    "frame": "1_clip_000_frame_0002.jpg",
    "track_id": 6,
    "bbox": [
      393.4759514198663,
      161.57352570911635,
      480.66818965012203,
      264.1092625837728
    ]
  },
  {
    "video_id": "1_clip_000",
    "frame": "1_clip_000_frame_0002.jpg",
    "track_id": 7,
    "bbox": [
      426.7814953347406,
      185.90418552469555,
      515.1773676475555,
      317.22563291751055
    ]
  },
  {
    "video_id": "1_clip_000",
    "frame": "1_clip_000_frame_0003.jpg",
    "track_id": 1,
    "bbox": [
      -5.845661788963554,
      314.6956737837897,
      72.34012089747583,
      618.247660839276
    ]
  },
  {
    "video_id": "1_clip_000",
    "frame": "1_clip_000_frame_0003.jpg",
    "track_id": 2,
    "bbox": [
      900.785961102741,
      111.51225547213505,
      975.5162472449159,
      413.7579985901756
    ]
  },
  {
    "video_id": "1_clip_000",
    "frame": "1_clip_000_frame_0003.jpg",
    "track_id": 3,
    "bbox": [
      1164.2694290119773,
      0.1339119539732252,
      1239.1893491085464,
      212.44457027389018
    ]
  },
  {
    "video_id": "1_clip_000",
    "frame": "1_clip_000_frame_0003.jpg",
    "track_id": 4,
    "bbox": [
      243.21613004399757,
      239.25752918271783,
      347.4735168722974,
      539.4804847081415
    ]
  },
  {
    "video_id": "1_clip_000",
    "frame": "1_clip_000_frame_0003.jpg",
    "track_id": 5,
    "bbox": [
      1030.3598210729529,
      0.07847923504368737,
      1084.0304681357868,
      157.98921885621053
    ]
  },
  {
    "video_id": "1_clip_000",
    "frame": "1_clip_000_frame_0003.jpg",
    "track_id": 6,
    "bbox": [
      389.99816674388484,
      158.88337932152328,
      472.04779365149494,
      264.5440120281471
    ]
  },
  {
    "video_id": "1_clip_000",
    "frame": "1_clip_000_frame_0003.jpg",
    "track_id": 7,
    "bbox": [
      447.02023399122027,
      185.089748944034,
      515.2238395472147,
      314.690683741512
    ]
  },
  {
    "video_id": "1_clip_000",
    "frame": "1_clip_000_frame_0004.jpg",
    "track_id": 2,
    "bbox": [
      900.9210113247051,
      111.03546534085669,
      974.6197761844751,
      413.6866613735143
    ]
  },
  {
    "video_id": "1_clip_000",
    "frame": "1_clip_000_frame_0004.jpg",
    "track_id": 3,
    "bbox": [
      1164.8172148158983,
      0.09202232659890797,
      1239.3776486870463,
      212.4646453237825
    ]
  },
  {
    "video_id": "1_clip_000",
    "frame": "1_clip_000_frame_0004.jpg",
    "track_id": 4,
    "bbox": [
      231.91573244582708,
      237.93731014113283,
      326.944695782724,
      540.4884463708098
    ]
  },
  {
    "video_id": "1_clip_000",
    "frame": "1_clip_000_frame_0004.jpg",
    "track_id": 5,
    "bbox": [
      1030.9420165359616,
      -0.044872945132041764,
      1083.6263102384735,
      156.99484755827206
    ]
  },
  {
    "video_id": "1_clip_000",
    "frame": "1_clip_000_frame_0004.jpg",
    "track_id": 6,
    "bbox": [
      400.6925900937967,
      158.98564703651127,
      464.17995503802393,
      233.7955115797253
    ]
  },
  {
    "video_id": "1_clip_000",
    "frame": "1_clip_000_frame_0004.jpg",
    "track_id": 7,
    "bbox": [
      420.6814329437328,
      190.3779378444822,
      505.81597086341475,
      313.2213615196098
    ]
  },
  {
    "video_id": "1_clip_000",
    "frame": "1_clip_000_frame_0005.jpg",
    "track_id": 2,
    "bbox": [
      901.1396002278209,
      110.92118484368703,
      974.2661297957866,
      413.27981240011115
    ]
  },
  {
    "video_id": "1_clip_000",
    "frame": "1_clip_000_frame_0005.jpg",
    "track_id": 3,
    "bbox": [
      1165.1725163481615,
      0.05826599260625187,
      1239.4645288018232,
      211.8736621453408
    ]
  },
  {
    "video_id": "1_clip_000",
    "frame": "1_clip_000_frame_0005.jpg",
    "track_id": 4,
    "bbox": [
      240.17231039477457,
      241.96627437746133,
      322.1725331334354,
      541.5311931302195
    ]
  },
  {
    "video_id": "1_clip_000",
    "frame": "1_clip_000_frame_0005.jpg",
    "track_id": 5,
    "bbox": [
      1029.4863832207423,
      -0.05297108076787538,
      1082.8512826034478,
      156.17941716270963
    ]
  },
  {
    "video_id": "1_clip_000",
    "frame": "1_clip_000_frame_0005.jpg",
    "track_id": 6,
    "bbox": [
      353.27355182407257,
      155.57457955323144,
      449.48659812653347,
      240.94488336890242
    ]
  },
  {
    "video_id": "1_clip_000",
    "frame": "1_clip_000_frame_0006.jpg",
    "track_id": 2,
    "bbox": [
      899.9600307192767,
      111.86383513506485,
      973.5834108712176,
      413.5893234806822
    ]
  },
  {
    "video_id": "1_clip_000",
    "frame": "1_clip_000_frame_0006.jpg",
    "track_id": 3,
    "bbox": [
      1164.8601740332806,
      0.12227891642365307,
      1239.4912594949412,
      212.0486385998366
    ]
  },
  {
    "video_id": "1_clip_000",
    "frame": "1_clip_000_frame_0006.jpg",
    "track_id": 4,
    "bbox": [
      245.82006374778135,
      271.6064477228816,
      336.7288522302167,
      566.3706204313578
    ]
  },
  {
    "video_id": "1_clip_000",
    "frame": "1_clip_000_frame_0006.jpg",
    "track_id": 5,
    "bbox": [
      1028.8040960907879,
      -0.008468235106278144,
      1082.2369260581154,
      156.35716550148229
    ]
  },
  {
    "video_id": "1_clip_000",
    "frame": "1_clip_000_frame_0007.jpg",
    "track_id": 2,
    "bbox": [
      899.6402330804613,
      112.10371458324354,
      974.1824808547146,
      413.7789692389017
    ]
  },
  {
    "video_id": "1_clip_000",
    "frame": "1_clip_000_frame_0007.jpg",
    "track_id": 3,
    "bbox": [
      1165.61735233822,
      0.11401729707030483,
      1239.4449988624974,
      213.15265703546112
    ]
  },
  {
    "video_id": "1_clip_000",
    "frame": "1_clip_000_frame_0007.jpg",
    "track_id": 4,
    "bbox": [
      291.6287286071707,
      308.6889820932715,
      416.8544423940954,
      638.7809191301017
    ]
  },
  {
    "video_id": "1_clip_000",
    "frame": "1_clip_000_frame_0007.jpg",
    "track_id": 5,
    "bbox": [
      1028.636385714067,
      0.1305386463844087,
      1082.397709474127,
      156.85739001348514
    ]
  },
  {
    "video_id": "1_clip_000",
    "frame": "1_clip_000_frame_0007.jpg",
    "track_id": 7,
    "bbox": [
      402.2232276392998,
      160.64670141981574,
      470.4315151673751,
      277.2654784125387
    ]
  },
  {
    "video_id": "1_clip_000",
    "frame": "1_clip_000_frame_0008.jpg",
    "track_id": 2,
    "bbox": [
      899.6226238218024,
      112.08163967393384,
      974.9249846105612,
      413.7677201115081
    ]
  },
  {
    "video_id": "1_clip_000",
    "frame": "1_clip_000_frame_0008.jpg",
    "track_id": 3,
    "bbox": [
      1165.5772733985978,
      0.10537490419724804,
      1239.4896438576695,
      213.1195775719313
    ]
  },
  {
    "video_id": "1_clip_000",
    "frame": "1_clip_000_frame_0008.jpg",
    "track_id": 4,
    "bbox": [
      341.8490674661083,
      346.4109823029059,
      463.67844599838855,
      669.1725535798118
    ]
  },
  {
    "video_id": "1_clip_000",
    "frame": "1_clip_000_frame_0008.jpg",
    "track_id": 5,
    "bbox": [
      1028.0643115516725,
      0.07578990899990856,
      1081.9511054364903,
      158.18671086442185
    ]
  },
  {
    "video_id": "1_clip_000",
    "frame": "1_clip_000_frame_0009.jpg",
    "track_id": 2,
    "bbox": [
      899.4297455683092,
      112.43302489365306,
      974.4225775530874,
      413.7650331982886
    ]
  },
  {
    "video_id": "1_clip_000",
    "frame": "1_clip_000_frame_0009.jpg",
    "track_id": 3,
    "bbox": [
      1164.7365983649413,
      0.07118431459413443,
      1239.6685867341532,
      213.20070755787947
    ]
  },
  {
    "video_id": "1_clip_000",
    "frame": "1_clip_000_frame_0009.jpg",
    "track_id": 4,
    "bbox": [
      385.19736099981156,
      392.8496700217453,
      510.9728420644427,
      718.5753482764268
    ]
  },
  {
    "video_id": "1_clip_000",
    "frame": "1_clip_000_frame_0009.jpg",
    "track_id": 5,
    "bbox": [
      1027.5587717425915,
      0.10247670476550752,
      1082.0645223160552,
      157.99959911843882
    ]
  },
  {
    "video_id": "1_clip_000",
    "frame": "1_clip_000_frame_0009.jpg",
    "track_id": 8,
    "bbox": [
      228.3434047555324,
      0.23358588626423682,
      316.91207160488125,
      75.28017476313232
    ]
  },
  {
    "video_id": "1_clip_000",
    "frame": "1_clip_000_frame_0009.jpg",
    "track_id": 6,
    "bbox": [
      415.6117939371555,
      204.81757892097687,
      522.6647709164054,
      332.8035073612
    ]
  },
  {
    "video_id": "1_clip_000",
    "frame": "1_clip_000_frame_0010.jpg",
    "track_id": 2,
    "bbox": [
      899.6744590732769,
      113.0542533819899,
      974.3082660098914,
      413.74010122043916
    ]
  },
  {
    "video_id": "1_clip_000",
    "frame": "1_clip_000_frame_0010.jpg",
    "track_id": 3,
    "bbox": [
      1165.178751057185,
      0.0520661453065685,
      1239.591263833055,
      213.20707757367023
    ]
  },
  {
    "video_id": "1_clip_000",
    "frame": "1_clip_000_frame_0010.jpg",
    "track_id": 4,
    "bbox": [
      455.29065692253414,
      426.68781623084055,
      571.9160450088563,
      718.4193110392118
    ]
  },
  {
    "video_id": "1_clip_000",
    "frame": "1_clip_000_frame_0010.jpg",
    "track_id": 5,
    "bbox": [
      1028.1578729362452,
      0.07012584219886264,
      1081.716652913439,
      157.76502748564826
    ]
  },
  {
    "video_id": "1_clip_000",
    "frame": "1_clip_000_frame_0010.jpg",
    "track_id": 7,
    "bbox": [
      438.07765406246455,
      200.1985054075963,
      483.8252135242237,
      266.5311140841866
    ]
  },
  {
    "video_id": "1_clip_000",
    "frame": "1_clip_000_frame_0010.jpg",
    "track_id": 8,
    "bbox": [
      380.19184378781813,
      0.25065887554210775,
      449.15547396533617,
      78.92923453920861
    ]
  },
  {
    "video_id": "1_clip_000",
    "frame": "1_clip_000_frame_0011.jpg",
    "track_id": 2,
    "bbox": [
      900.2074138582918,
      113.39919228252586,
      975.17058792709,
      413.52335100444157
    ]
  },
  {
    "video_id": "1_clip_000",
    "frame": "1_clip_000_frame_0011.jpg",
    "track_id": 3,
    "bbox": [
      1165.4343532984983,
      0.18931355343107725,
      1239.569444369813,
      211.51061947046034
    ]
  },
  {
    "video_id": "1_clip_000",
    "frame": "1_clip_000_frame_0011.jpg",
    "track_id": 4,
    "bbox": [
      529.2111505533541,
      426.75792389874414,
      616.1250241726326,
      718.4912596303739
    ]
  },
  {
    "video_id": "1_clip_000",
    "frame": "1_clip_000_frame_0011.jpg",
    "track_id": 5,
    "bbox": [
      1028.5043203393552,
      0.055675043703573124,
      1081.9645141819656,
      159.08536168231757
    ]
  },
  {
    "video_id": "1_clip_000",
    "frame": "1_clip_000_frame_0011.jpg",
    "track_id": 8,
    "bbox": [
      482.0229099651054,
      0.17487944294403945,
      563.2657630661715,
      70.56049601912156
    ]
  },
  {
    "video_id": "1_clip_000",
    "frame": "1_clip_000_frame_0012.jpg",
    "track_id": 2,
    "bbox": [
      899.8492862836232,
      113.71749978630928,
      974.899913555461,
      413.6306448085269
    ]
  },
  {
    "video_id": "1_clip_000",
    "frame": "1_clip_000_frame_0012.jpg",
    "track_id": 3,
    "bbox": [
      1165.4680729668091,
      0.23767938026962554,
      1239.607456061485,
      211.87493907472674
    ]
  },
  {
    "video_id": "1_clip_000",
    "frame": "1_clip_000_frame_0012.jpg",
    "track_id": 4,
    "bbox": [
      571.6440352690151,
      435.6443377417445,
      693.77037034514,
      718.3633410332498
    ]
  },
  {
    "video_id": "1_clip_000",
    "frame": "1_clip_000_frame_0012.jpg",
    "track_id": 5,
    "bbox": [
      1027.9059199225157,
      0.11531623379329403,
      1081.9532374379671,
      158.25657760585332
    ]
  },
  {
    "video_id": "1_clip_000",
    "frame": "1_clip_000_frame_0012.jpg",
    "track_id": 11,
    "bbox": [
      411.0992632565334,
      164.75201917027658,
      520.42274298806,
      309.02593387884826
    ]
  },
  {
    "video_id": "1_clip_000",
    "frame": "1_clip_000_frame_0012.jpg",
    "track_id": 8,
    "bbox": [
      626.6590129350969,
      0.2714731250887965,
      710.7834927321904,
      65.60514727171804
    ]
  },
  {
    "video_id": "1_clip_000",
    "frame": "1_clip_000_frame_0013.jpg",
    "track_id": 2,
    "bbox": [
      905.5505878411178,
      140.25954066967344,
      973.7672691328836,
      413.7926791557743
    ]
  },
  {
    "video_id": "1_clip_000",
    "frame": "1_clip_000_frame_0013.jpg",
    "track_id": 3,
    "bbox": [
      1165.3082975994341,
      0.20859375313386863,
      1239.4830708260447,
      212.78254972955222
    ]
  },
  {
    "video_id": "1_clip_000",
    "frame": "1_clip_000_frame_0013.jpg",
    "track_id": 4,
    "bbox": [
      547.5024907953072,
      436.1692894980528,
      678.6444942927019,
      717.9861349420387
    ]
  },
  {
    "video_id": "1_clip_000",
    "frame": "1_clip_000_frame_0013.jpg",
    "track_id": 5,
    "bbox": [
      1027.7293680653377,
      0.15965312839182388,
      1081.4614547460249,
      156.7133120564612
    ]
  },
  {
    "video_id": "1_clip_000",
    "frame": "1_clip_000_frame_0013.jpg",
    "track_id": 11,
    "bbox": [
      417.47484495696636,
      159.11410445939396,
      529.2554832908837,
      315.2268535015571
    ]
  },
  {
    "video_id": "1_clip_000",
    "frame": "1_clip_000_frame_0013.jpg",
    "track_id": 8,
    "bbox": [
      737.6540546183195,
      0.13140115347036385,
      837.6293401361419,
      79.36619567893074
    ]
  },
  {
    "video_id": "1_clip_000",
    "frame": "1_clip_000_frame_0014.jpg",
    "track_id": 2,
    "bbox": [
      904.553998787973,
      147.5147334249482,
      973.6667104467514,
      413.98491604439926
    ]
  },
  {
    "video_id": "1_clip_000",
    "frame": "1_clip_000_frame_0014.jpg",
    "track_id": 3,
    "bbox": [
      1165.7258223323074,
      0.14639221876794295,
      1239.5549860877545,
      213.1268484742999
    ]
  },
  {
    "video_id": "1_clip_000",
    "frame": "1_clip_000_frame_0014.jpg",
    "track_id": 4,
    "bbox": [
      549.3118372707353,
      436.3323296269399,
      678.0452497421585,
      717.9198453525394
    ]
  },
  {
    "video_id": "1_clip_000",
    "frame": "1_clip_000_frame_0014.jpg",
    "track_id": 5,
    "bbox": [
      1027.524732294815,
      0.17502344247019153,
      1081.9676359923571,
      156.6565461314069
    ]
  },
  {
    "video_id": "1_clip_000",
    "frame": "1_clip_000_frame_0014.jpg",
    "track_id": 11,
    "bbox": [
      394.3809330973854,
      161.22707290501944,
      528.861332078784,
      319.36875881282435
    ]
  },
  {
    "video_id": "1_clip_000",
    "frame": "1_clip_000_frame_0014.jpg",
    "track_id": 8,
    "bbox": [
      880.9084225127215,
      0.12618657476817674,
      951.2442092497591,
      77.61451146726512
    ]
  }
]